id,title,authors,year,source,doi,code,exclusion_reason,snowballing_value,background_pool_c8,make
R0001,"A cooperative digital twin–multi-agent reinforcement learning for circular supply chains: balanced control across production, logistics, and sustainability",Guzmán E.; Andrés B.; Torres-Polo M.,2026,Scopus,10.1016/j.cie.2026.112044,I,,,,
R0002,The Role of AI and Emerging Technologies in Enhancing Energy Security and Resilience in the Arabian Gulf,Shakra R.B.,2026,Scopus,10.1007/978-3-032-19354-4_27,E1,No digital twin/model,,,
R0003,From Traditional to Digital: A Simulation-Based Approach on the Digital Transformation of MultiTier Automotive Parts Supply Chain Based on Cloud SCM Platform,Dong Y.; Jin S.,2026,Scopus,10.1109/iconic67661.2026.11517868,I,,,,
R0004,An AI-Driven Optimization Framework for Sustainable E-Waste Management and Resource Utilization,Chauhan P.; Adhana D.K.; Saxena M.,2026,Scopus,10.1109/icbdml68582.2026.11544180,I,,,,
R0005,Applying AI and machine learning to refrigeration for efficiency and asset management,Dickison A.,2026,Scopus + WoS,10.1007/s10098-026-03455-2,E1,No digital twin/model,,,
R0006,AI IN FOOD SUPPLY CHAIN MANAGEMENT: A COMPREHENSIVE ANALYSIS; [SZTUCZNA INTELIGENCJA W ZARZĄDZANIU ŁAŃCUCHEM DOSTAW ŻYWNOŚCI: KOMPLEKSOWA ANALIZA],Krishnasamy J.R.; Nawaz N.; Singh Dharmaraj S.; Srinivasagam P.D.; Anandhan H.,2026,Scopus + WoS,10.17512/pjms.2026.33.1.10,E4,Wrong publication type,medio,,
R0007,"Sustainable digitalization of manufacturing supply chains: An integrated framework for resilience, efficiency, and circularity",Mohsen B.M.; Nahleh Y.A.; Mohsen M.,2026,Scopus + WoS,10.1016/j.clscn.2026.100325,E4,Wrong publication type,bajo,,
R0008,Digital twin framework for electric truck route and infrastructure planning in the Nordic region,Kaarlela T.; Alekseev S.; Maljamäki P.; Ikäheimo E.; Kurvinen E.,2026,Scopus,10.1016/j.treng.2026.100426,I,,,,
R0009,Logistics equipment condition monitoring and prediction based on digital twin and machine learning,Han F.; Liu L.; Sun J.,2026,Scopus + WoS,10.1038/s41598-026-43380-4,I,,,,
R0010,Artificial Intelligence Accelerates Low Carbon Transformation of Thermal Power Plants,Zhang Y.; Zhu Y.; Zhu Z.; Xia X.; Yuan Z.; Liu J.,2026,Scopus,10.1007/978-981-95-7932-7_11,E4,Wrong publication type,bajo,,
R0011,"Toward Industry 6.0: The Ecosystem Age, superintelligence, viability, and OR-AI symbiosis",Ivanov D.,2026,Scopus + WoS,10.1016/j.cor.2026.107563,I,,,,
R0012,Digital Twin Based Framework to Enhance the Environmental Sustainability of Supply Chains,Geethani M.; Kulatunga A.; Dharmapriya S.,2026,Scopus + WoS,10.1007/978-3-032-21157-6_23,I,,,,
R0013,A surrogate-based explainability framework with semantic abstraction for human-centred supply chain intelligence,Padovano A.; Sammarco C.; Tripudio E.; Morinaga E.,2026,Scopus + WoS,10.1016/j.sca.2026.100221,I,,,,
R0014,Industry 4.0 Indicators and Sustainability Factors to Improve the Efficiency of Indian Process Industries: An Empirical Study,Brar P.S.; Singh D.; Bhamu J.,2026,Scopus,10.22201/icat.24486736e.2026.24.2.2945,E1,No digital twin/model,,,
R0015,Real-Time Supply Chain Visibility via Integrated IoT and AI,Farag W.A.,2026,Scopus,10.1109/kst67832.2026.11431773,E1,No digital twin/model,,,
R0016,Computational Economics of Circular Construction: Machine Learning and Digital Twins for Optimizing Demolition Waste Recovery and Business Value,Torres-Polo M.; Guzmán Ortíz E.,2026,Scopus + WoS,10.3390/computation14040076,E4,Wrong publication type,medio,,
R0017,Blockchain Implementation in Supply Chains: Analysis Based on Literature Reviews and Case Studies,Staudt F.H.; Machado R.F.; Di Mascolo M.; Alpan G.; Frazzon E.M.,2026,Scopus + WoS,10.1007/978-3-032-19167-0_31,E4,Wrong publication type,bajo,,
R0018,Digital Twin-Enabled Simulation of Tobacco Logistics Distribution Networks,Jin B.; Zhang Y.; Qiu W.; Quan H.,2026,Scopus,10.1109/imed68921.2026.11484180,I,,,,
R0019,Digital twin use-case prioritisation for sustainability in smart manufacturing: A multi-criteria decision analytics approach,Ben Youssef A.; Zeqiri A.; Mbang S.,2026,Scopus + WoS,10.1016/j.seps.2026.102553,E3,No AI/ML component,,,
R0020,Digital Transformation in Port Logistics,Su Z.,2026,Scopus,10.3390/encyclopedia6010028,E1,No digital twin/model,,,
R0021,Digital twins for low-altitude transportation and logistics: A barrier-centric survey of UAV and eVTOL systems,Zhang Y.; Wang Y.; Zhen W.; Wang C.; Qu X.,2026,Scopus + WoS,10.1016/j.tre.2026.105116,E4,Wrong publication type,alto,,
R0022,Beyond efficiency: How process intelligence is transforming supply chain and procurement,Matacena M.,2026,Scopus,10.69554/jlsr4809,E3,No AI/ML component,,medio,
R0023,Integrating Human Factors into Operations Management Education in the Industry 5.0 era,Wu J.; Fang Y.; Wang Y.; Zhao S.; Jiang W.; Li X.; Luo H.; Idris I.S.,2026,Scopus + WoS,10.3791/69833,E1,No digital twin/model,,,
R0024,Artificial intelligence-enabled digital twins for sustainable and carbon-neutral smart port operations,Menachof D.A.; Sayeed S.A.,2026,Scopus + WoS,10.1007/s13437-026-00428-6,I,,,,
R0025,Enabling Non-Simulation Experts to Adapt Digital Twins during Production System Redesign using Agentic AI,Schwede C.; Schipper L.; Cirullies J.,2026,Scopus,10.1145/3802463.3802479,I,,,,Make
R0026,Regulating uncertainty in global supply chains: a cybernetic Digital Twin framework for variety attenuation,Turgut A.,2026,Scopus + WoS,10.1108/k-01-2026-0185,I,,,,
R0027,Data Interoperability in European Product Conformity Management for Circular Supply Chains: Digital Twins and a Legal Knowledge &Data Model for linking law making and product manufacturing,Hilgarth B.; Schicker G.,2026,Scopus,10.1016/j.procs.2026.02.309,E1,No digital twin/model,,,
R0028,Innovation and AI: The Emerging Role of Industrial Engineers,Xie D.; Bidanda B.,2026,Scopus,10.1007/978-981-95-4717-3_20,E1,No digital twin/model,,,
R0029,Digital Twin Model of Smart Transportation and Maritime Systems for Resource Efficiency and Operational Optimization,Kheckert E.V.,2026,Scopus,10.1109/aisei68628.2026.11572832,I,,,,
R0030,Digital Twin-Driven Machine Learning and Physics-Informed Data Augmentation for Clutter-Resilient Chipless RFID Decoding in Smart Logistics,Turgut A.; Kurnaz C.; Korunur Engiz B.; Karadavut M.R.; Turgut A.,2026,Scopus + WoS,10.1109/access.2026.3717950,E1,No digital twin/model,,,
R0031,"Tariffs, transparency, and AI: The ADAPT framework for tariff-ready, audit-proof supply chains",Mehta S.,2026,Scopus,10.69554/otqo6376,E1,No digital twin/model,,,
R0032,Metaverse and sustainability: an overview of research trends and future directions,Jain S.; Sharma P.,2026,Scopus,10.1108/jices-10-2025-0299,E4,Wrong publication type,bajo,,
R0033,Digital Twin based Data Pattern Analysis for IoT-Based Pharmaceutical Production Monitoring,Chowdary N.H.; Prasad Reddy P.V.G.D.; Chittineni S.,2026,Scopus,10.36548/jtcsst.2026.1.001,E2,No supply chain scope,,,
R0034,Enhancing the Reliability of Monopile-Supported Offshore Wind Turbines Through Digital-Twin Framework: State of the Art Review,Khan F.; Tanwar M.; Dammala P.K.; Bhattacharya S.,2026,Scopus + WoS,10.1007/s40098-026-01517-2,E4,Wrong publication type,bajo,,
R0035,Simulation in Forest Engineering: Planning the Next Generation of Forest Operations and Logistics for the Challenges of the XXI Century,Zamora-Cristales R.; Kogler C.; Sessions J.; Väätäinen K.; Contreras M.; Alzamora R.M.; Spinelli R.,2026,Scopus + WoS,10.1007/s40725-026-00268-w,E4,Wrong publication type,bajo,,
R0036,A Decision-Oriented Integrative Framework for Enhancing Supply Chain Resilience,El Brini A.; Bennis I.; Mansouri K.; Siadat A.,2026,Scopus,10.1109/iraset68627.2026.11538784,E1,No digital twin/model,,,
R0037,Climate-Disruption Early Warning for Malaysian Supply Chains Using Multimodal Data,Leong W.Y.,2026,Scopus,10.1145/3802463.3802485,I,,,,
R0038,"Artificial Intelligence and Behavioral Economics as Catalysts for Next-Generation Transformative Public Management in Morocco: Integrating Explainable AI, Digital Twins, Smart Logistics, Strategic Power Skills Development, and Adaptive Policy Frameworks for Agile, Transparent, and Resilient Governance",Khiati M.; Jirari S.; Ayad B.; El Gour F.; Habboub S.; Elomari O.; Meziouni B.; Mkik M.; El-Mahdad H.,2026,Scopus,10.1007/978-3-032-19179-3_10,E1,No digital twin/model,,,
R0039,A multi-layer Industry 4.0 framework for ensuring halal integrity in NZ meat supply chains,Ellahi R.M.; Wood L.C.; Bekhit A.E.-D.A.,2026,Scopus + WoS,10.1016/j.foodcont.2025.111880,E4,Wrong publication type,medio,,
R0040,"A survey of system-cybernetic principles in supply chain resilience: viability, artificial intelligence, digital twins, and ecosystems",Ivanov D.,2026,Scopus + WoS,10.1080/00207721.2025.2519204,E4,Wrong publication type,alto,,
R0041,"Quantum machine learning for industry 5.0: Fundamental, applications and research challenges",Ahmed Z.; Kakarla J.H.H.; Hazra A.; Gurusamy M.,2026,Scopus,10.1016/j.cosrev.2026.100976,E1,No digital twin/model,,,
R0042,Sustainable Performance in Industry 5.0: Optimizing Supply Chains with Innovative Decision Systems,Dossou P.-E.; Dongmo C.T.,2026,Scopus + WoS,10.1007/978-3-032-05610-8_49,E1,No digital twin/model,,,
R0043,Digital twin enhancement of real-time predictive EMS for FCEV truck operating under varying conditions,Pardhi S.; Hegazy O.; El Baghdadi M.,2026,Scopus + WoS,10.1016/j.ecmx.2026.101722,E2,No supply chain scope,,,
R0044,"Digital-twins and machine learning-assisted stable, energy-aware unmanned aerial and ground vehicles delivery in blockchain-enabled crowdsourcing framework",Elmay F.; Kadadha M.; Singh S.; Mizouni R.; Otrok H.; Mourad A.,2026,Scopus + WoS,10.1016/j.future.2025.108004,I,,,,
R0045,Towards Intelligent Supply Chain Reconfiguration: A Framework Integrating Dynamic Knowledge Graph and AI-Driven Optimization,Saidi C.; Hamani N.; Benaissa M.; Rolf B.; Reggelin T.; Lang S.,2026,Scopus,10.1007/978-3-032-16889-4_39,I,,,,
R0046,Supply chain mapping for enhanced visibility and resilience: a multi-industry comparative study of best practices and emerging technologies,Zouaghi I.; Beldjoudi S.; Makaci M.,2026,Scopus,10.1504/ijbpscm.2026.154574,E4,Wrong publication type,medio,,
R0047,Industry 4.0 Enabled Sustainable Manufacturing,Shaban I.A.; Ajaj R.; Elshimy H.; Hegab H.,2026,Scopus + WoS,10.3390/su18010156,E1,No digital twin/model,,,
R0048,Hybrid Digital Twin and Deep Learning Framework for Monitoring Maritime Refrigerated Containers,Vukšić M.; Ćelić J.; Bronzin T.; Prole B.; Adameć D.; Stipić A.; Katovic D.,2026,Scopus,10.1109/mipro70003.2026.11591932,I,,,,
R0049,Visual Analytics of Digital Twin Research in the Field of Industrial Engineering Based on VOSviewer and CiteSpace,Sun B.; Chen Z.; Wei J.; Pan P.,2026,Scopus,10.1145/3801359.3801363,E4,Wrong publication type,bajo,,
R0050,A Methodology for Optimizing Material Flows in Mechanical Engineering Enterprises Based on Big Data Technologies,Zhetessova G.S.; Zharkevich O.M.; Kozhanov M.G.; Khrustaleva I.N.; Buzauova T.M.,2026,Scopus,10.52209/2706-977x_2026_2_25,I,,,,Make
R0051,Artificial Intelligence Models for End-to-End Supply Chain Optimization,Sayeed N.; Saha U.S.; Karim F.; Mustafizur Md.; Uddin S.M.M.; Chy M.A.R.,2026,Scopus,10.1109/i3ctcon68242.2026.11507407,I,,,,
R0052,Innovations in modelling city logistics,Taniguchi E.; Thompson R.G.; Qureshi A.G.,2026,Scopus,10.1016/j.trpro.2026.04.098,E4,Wrong publication type,medio,,
R0053,Intelligent Unmanned Aerial Vehicles for Low-altitude Economy: A Review of the Technology Framework and Future Prospects; [低空经济赋能者：智能无人机技术体系综述与展望],Zhihong Q.; Yijun W.,2026,Scopus + WoS,10.11999/jeit251246,E5,Not in English,,,
R0054,MACHINE LEARNING–DRIVEN SMART SHARING PLATFORMS FOR OPTIMIZING LAST-MILE DELIVERY IN SAUDI ARABIA’S E-COMMERCE SECTOR,Iqbal T.,2026,Scopus + WoS,10.17270/j.log.001371,I,,,,
R0055,Machine Learning and Digital Twins-enabled Supply Chain Resilience: A Framework for the Indian FMCG Sector,Singh D.; Sharma A.; Rana P.S.,2026,Scopus + WoS,10.1177/09721509241275751,E3,No AI/ML component,,,
R0056,Artificial Intelligence-Enabled Predictive Decision Support Systems for Smart Enterprise and Industrial Applications,Rajagopal S.; Karchi R.P.; Hatture S.M.; Bulla C.; Tamrakar P.K.; Golhar Y.; Hema K.,2026,Scopus,10.59543/jidmis.v3.1164,E1,No digital twin/model,,,
R0057,A Hybrid Genetic Algorithm and Multi-Agent Reinforcement Learning Framework for Optimized Supply Chain Management Using Edge-Enabled Digital Twins,Sahu D.P.; Rathore B.; Iqbal R.S.; Jiang W.; Prakash S.; Singh V.K.,2026,Scopus,10.1109/ojcoms.2026.3714979,I,,,,
R0058,Application of machine learning to storage allocation decision making system within air cargo terminals,Mambetalin D.; Koshekov A.; Orazbayeva B.; Moldabekov A.; Keribayeva T.,2026,Scopus + WoS,10.22306/al.v13i1.720,E1,No digital twin/model,,,
R0059,Machine-Learning-Driven Production Optimization in Automotive Closed-Loop Supply Chains under Remanufacturing Cost Disruptions,Wu H.; Yang Q.; Zhang L.,2026,Scopus,10.1049/icp.2025.4424,E1,No digital twin/model,,,
R0060,An integrative conceptual framework for the evolution of lean supply chains from industry 4.0 to industry 5.0,Escobar S.; Reyes J.,2026,Scopus,10.4995/ijpme.2026.24523,E4,Wrong publication type,bajo,,
R0061,AI Models for Life-Cycle Assessment of Bio-Energy Technologies and Pollution Quantification,Karad M.; Gholap P.; Dhumal A.; Mane V.S.; Balaji N.A.; Ingole K.; Patil R.N.; Waware S.Y.; Kurhade A.S.,2026,Scopus,10.59429/ace.v9i1.5855,E4,Wrong publication type,bajo,,
R0062,Who Wins the Energy Race? Artificial Intelligence for Smarter Energy Use in Logistics and Supply Chain Management,Tundys B.; Wiśniewski T.,2026,Scopus + WoS,10.3390/en19020305,E1,No digital twin/model,,,
R0063,A Review on Smart Warehouses: How Can Discrete-Event Simulation Improve Their Success,Soares P.; Duarte F.J.; Charrão T.A.D.; Dias L.M.S.; Henriques M.F.N.,2026,Scopus,10.1007/978-3-032-18878-6_30,E4,Wrong publication type,alto,,
R0064,Research on the application of digital twin technology in collaborative management of international trade supply chain,Yang L.,2026,Scopus,10.1117/12.3107986,I,,,,
R0065,Data-Driven Technologies for Enhancing Sustainability Performance in Digital Circular Supply Chain,Chrifi-Alaoui C.; Bouhaddou I.; Benabdellah A.C.; Zekhnini K.,2026,Scopus,10.1016/j.procs.2026.02.183,E4,Wrong publication type,bajo,,
R0066,Modeling Resilient and Sustainable Supply Chain Networks with AI: A Comprehensive Approach to Designing Robust Supply Systems in the USA,Pramanik M.T.; Reza S.A.; Kamal M.M.; Gomes S.S.; Faysal A.H.M.; Minto A.; Debnath P.; Hasan M.R.,2026,Scopus,10.70917/ijcisim-2026-2645,I,,,,
R0067,Machine Learning Approaches for Biomass Resource Mapping and Sustainable Energy Planning,Desai S.; Shirke S.; Kalunge V.V.; Koneru S.; Khobragade G.R.; Kadam V.R.; Thakur S.; Murali G.; Kurhade A.S.,2026,Scopus,10.59429/ace.v9i1.5843,E4,Wrong publication type,bajo,,
R0068,AI Driven Multi-Stage Modeling and Simulation Framework for Optimizing Healthcare Supply Chains,Sharma M.; Pundeer S.,2026,Scopus,10.1109/dicct69099.2026.11535970,I,,,,
R0069,Trends and Frontiers of Emerging Technologies in Oil and Gas: A Scientometric Perspective,Bhatia M.; Malik V.,2026,Scopus + WoS,10.1109/jiot.2025.3631090,E4,Wrong publication type,bajo,,
R0070,Review of the Application of Artificial Intelligence Technology in the Intelligent Management of the Entire Production Line: Systematic Evolution from Perception to Decision-making,Wang D.; Zhang R.; Chai Y.,2026,Scopus,10.1145/3795154.3795310,E4,Wrong publication type,bajo,,
R0071,An AI- and IoT-Enabled intelligent transportation architecture for multimodal corridor Integration: A Port-Centric case study,Kadum Al-Addal S.I.,2026,Scopus + WoS,10.1016/j.trip.2026.102173,E1,No digital twin/model,,,
R0072,Digital Twins-Driven Sustainable Industrial Supply Chain Management: A Survey,Zhou J.; Wang J.; Hryb M.; Kujawińska A.,2026,Scopus + WoS,10.1007/978-3-032-01517-4_9,E4,Wrong publication type,alto,,
R0073,5G networks and their impact on the evolution of real-time monitoring and control systems for Industry 4.0: a systematic review,Flores-Castañeda R.O.; Ledesma S.M.; Olaya-Cotera S.,2026,Scopus,10.1007/s11135-025-02476-1,E4,Wrong publication type,bajo,,
R0074,The integration of artificial intelligence through quality by digital design for sustainable pharmaceutical manufacturing,Abdulhussain R.; Muhamad H.; Fiza T.; Dereiah S.; Mawla N.; Patel K.; Adebisi A.; Asare-Addo K.,2026,Scopus + WoS,10.1016/j.ijpharm.2026.126682,E4,Wrong publication type,bajo,,
R0075,Identifying Key Drivers of Supply Chain Resilience for Modeling Using AI and Hybrid Predictive Models,El Kadmiri W.; Benghabrit A.; Moufaddal M.; Nait Sidi Moh A.,2026,Scopus,10.1007/978-3-032-17079-8_12,E1,No digital twin/model,,,
R0076,"Convergence of AI, Data, and Robotics in Circular Manufacturing: The Circular TwAIn Platform for the Li-Ion Traction Batteries Value Chain",Fervorari M.; Gentilini L.; Marzano M.G.; Picone N.; Colledani M.; Marguglio A.; Rubattino C.; Rossi E.,2026,Scopus + WoS,10.1007/978-3-032-19167-0_15,I,,,,
R0077,Decentralised Manufacturing as a Networked Cyber–Physical System: Formalising Free and Open-Source Software Governance and ML Adaptation for Distributed Robustness,Dogančić B.; Rožić J.; Jokić M.; Čeredar M.,2026,Scopus + WoS,10.3390/systems14050469,I,,,,Make
R0078,A machine learning approach for forecasting resilient material delivery in the construction industry,Zhang W.; Yu C.; Newman S.T.; Cheung Ho Kin D.; Zhong R.Y.,2026,Scopus + WoS,10.1080/00207543.2025.2482733,I,,,,
R0079,"Systematic Review of Artificial Intelligence Tools Applied to the Classification, Quality Control, and Shelf Life Prediction of Post-harvest Agricultural Products (2000–2025)",Valle-Lituma C.; Aguirre-Munizaga M.; Salous A.E.; Cardenas-Rodriguez M.,2026,Scopus,10.1007/978-3-032-11494-5_3,E4,Wrong publication type,medio,,
R0080,An intelligent Digital Twin based on machine learning for interpretable decision-making in manufacturing,Genetti S.; Scarton G.; Formentini M.; Iacca G.,2026,Scopus + WoS,10.1016/j.ijpe.2025.109841,I,,,,Make
R0081,Digital Twin-Enabled Conversion of Spent Mushroom Substrate for Circular Manufacturing,Luo Y.; Ball P.,2026,Scopus + WoS,10.1007/978-3-032-21157-6_47,I,,,,Make
R0082,Digital Twin Framework for Supermarket Supply Chain Management Using Predictive Analytics,Dhanalakshmi R.; Onkar S.; Vijayaraghavan N.; Baskar M.,2026,Scopus,10.1109/icscan66520.2026.11588493,I,,,,
R0083,A fuzzy optimization-oriented decision support model to examine key industry 4.0 strategies for building resilience against disruptions in a healthcare supply chain,Kayhan B.M.; Yeni F.B.; Ozcelik G.; Ayyildiz E.,2026,Scopus + WoS,10.1007/s10479-024-06441-3,E1,No digital twin/model,,,
R0084,Agentic digital twins: bridging model-based and AI-driven decision-making support for a new era of supply chain and operations management,Ivanov D.,2026,Scopus + WoS,10.1080/00207543.2026.2630277,I,,,,
R0085,"Enabling Flexible, Resilient, and Sustainable Supply Chains through Metaverse Technologies",Raman R.; Gunasekaran A.; Suresh M.,2026,Scopus,10.1007/s40171-026-00490-2,E4,Wrong publication type,medio,,
R0086,Mining Hidden Ridesharing Patterns: A Data-Driven Gap Analysis of Chicago TNC Trips,Sebti E.; Chen Y.,2026,Scopus,10.1007/s42421-026-00149-5,E1,No digital twin/model,,,
R0087,Artificial Intelligence and Machine Learning Applications in the Textile Industry: A Review,Patil S.,2026,Scopus,10.5281/zenodo.20554381,E4,Wrong publication type,bajo,,
R0088,Possibilities of Using Generative AI in AI-Based Digital Twins for Industry 5.0/6.0,Rojek I.; Naprstkova N.; Mikołajewski D.,2026,Scopus,10.1007/978-3-032-21654-0_3,E2,No supply chain scope,,,
R0089,Research on Coordinated Scheduling Optimization of Urban Transportation and Logistics Driven by Digital Twin,Zhenzhen X.,2026,Scopus,10.1007/978-981-95-8056-9_35,I,,,,
R0090,Unveiling the future: A bibliometric review of emerging trends and hotspots in sustainable modern industrial chains,Jin Y.; Liu J.,2026,Scopus + WoS,10.1016/j.sftr.2026.102046,E4,Wrong publication type,bajo,,
R0091,The Sustainable Development of Industrial Production by Internet of Things Technology: Based on Bibliometric Analysis Methods,Yang X.; Liu Y.; Wang R.,2026,Scopus + WoS,10.7232/iems.2026.25.1.120,E4,Wrong publication type,bajo,,
R0092,"Artificial intelligence and digital twins: pathways to climate-resilient, traceable and equitable global food supply chains","Borrás-Hidalgo, O; Ding, F; El Sheikha, A",2026,WoS,10.1016/j.tifs.2026.105973,E4,Wrong publication type,alto,,
R0093,Optimizing Material Flow in Industrial Warehousing: A Human-Centric Industrial Metaverse,"Lignell, A; Sohrab, F; Gabbouj, M",2026,WoS,10.1109/access.2026.3676984,E4,Wrong publication type,alto,,
R0094,An Adaptive Supply Chain Stress Testing Framework with Deep Learning,"Ozturk, C; O'Sullivan, B",2026,WoS,10.1007/978-3-032-04774-8_75,I,,,,
R0095,"A systematic mapping of artificial intelligence, digital twins, and blockchain applications in nuclear plants","Pakdel, J; Erol, I; Oztel, A; Kanbak, N",2026,WoS,10.1016/j.engappai.2026.115051,E4,Wrong publication type,bajo,,
R0096,Bridging digital and sustainable supply chains: insights from a podcast analysis,"Seuring, S; Neuberger, J; Qazi, SA; Schilling, L; Patrucco, AS",2026,WoS,10.1108/ijpdlm-05-2025-0256,E1,No digital twin/model,,,
R0097,A simulation-based digital twin model for data-driven decision optimization,Keshvarinia M.; MacKenzie C.A.; Zhao Z.,2025,Scopus,10.1016/j.dajour.2025.100646,I,,,,Make
R0098,Research on Optimization of Multi-load AGV Picking System Operation Process,Li R.; Wang Z.; Wang Y.; Zhang J.; Song S.; Fu J.,2025,Scopus,10.52202/083767-0001,E1,No digital twin/model,,,
R0099,Optimising the construction process through digitalisation: Case studies of projects under unstable resource supply,Oliinyk V.; Kononchuk R.; Kobelchuk O.; Tugay A.; Dubynka O.,2025,Scopus,10.56318/as/1.2025.92,E4,Wrong publication type,bajo,,
R0100,Research on Automatic Deployment and Intelligent Testing Framework of Autonomous Controllable Operating System for Power Energy System,Lu X.; Su Y.,2025,Scopus,10.1109/aecspe66597.2025.00090,E2,No supply chain scope,,,
R0101,Data-Sovereign Architecture for Quality-As-A-Service Across Industrial Supply Chain Partners,Araya-Martinez J.M.; Kannanthodath Induchoodan A.M.; Kalpathy Sundaram S.K.; Görzig D.; Diemer J.; Lambrecht J.; Krüger J.,2025,Scopus,10.1016/j.procir.2025.08.140,E1,No digital twin/model,,,
R0102,Demo: Immersive Digital Twin Networks for Industrial Internet of Things,Sun Y.; Ban R.; Zhong Z.; Nan Z.; Chen X.; Guo H.; Wang J.,2025,Scopus + WoS,10.1145/3680207.3765584,E1,No digital twin/model,,,
R0103,Advancing net-zero supply chain management: a machine learning driven review aligned with the sustainable development goals,Raman R.; Gunasekaran A.; Mandal S.,2025,Scopus + WoS,10.1080/13675567.2025.2552754,E4,Wrong publication type,bajo,,
R0104,Elevating manufacturing excellence with multilevel optimization in smart factory cloud computing using hybrid model,Vaidya S.; Jethava G.,2025,Scopus + WoS,10.1007/s10586-024-05074-2,E1,No digital twin/model,,,
R0105,Smart Supply Chain Management with Artificial Intelligence: Toward Resilient and Sustainable Industrial Automation in Industry 4.0,Rizkia I.; Yulianto H.D.,2025,Scopus,10.1109/iciss66954.2025.11389384,I,,,,
R0106,IoT Data Analytics Driving Digital Twin Systems for Sustainable Operations Management,Huddar V.; Jaiswal R.; Kachave P.S.; Al Said N.; Annavarapu B.J.; Parida P.K.,2025,Scopus,10.1109/iconstem65670.2025.11374358,E2,No supply chain scope,,,
R0107,Digital Twin-Enabled IoT Architecture for Early Fault Detection and Integrated Forklift Monitoring Using an ESP32 Platform,Jacha H.R.B.; Acuña E.H.A.; Acosta A.K.N.; Becerra Felipe J.L.; Rivas J.R.R.; Carrizales Navarro J.A.,2025,Scopus,10.1109/intercon67304.2025.11244693,I,,,,
R0108,Symbiotic Artificial Intelligence Twin Framework for Circular Manufacturing: A Sustainability-Led Industry 5.0 Framework,Rathnavel P.,2025,Scopus,10.1109/iccca66364.2025.11325651,I,,,,Make
R0109,Hybridize Machine Learning Methods and Optimization Techniques to Analyze and Repair Welding Defects via Digital Twin of Jidoka Simulator,Abed A.M.; Gaafar T.S.,2025,Scopus,10.1109/access.2025.3533377,E2,No supply chain scope,,,
R0110,A systematic review of industry 4.0 technologies in the production and manufacturing sector,Pandey R.; Billore M.; Rao A.K.; Bhandari A.; Yadav A.K.; Kushwaha R.; Shrivastava A.,2025,Scopus,10.21741/9781644903438-20,E4,Wrong publication type,bajo,,
R0111,Real-Time Assessment and Dynamic Optimization Model for Supply Chain Resilience Based on Digital Twins,He J.,2025,Scopus,10.1109/lescdt66758.2025.00025,E3,No AI/ML component,,alto,
R0112,Streamlining Real-Time Sensor Data Collection and Querying Processes From Environmental Parameters in a Food Cold Store,Nsunba P.; Isingizwe Nturambirwe J.F.; Nyirenda C.N.,2025,Scopus,10.23919/ist-africa67297.2025.11060485,E3,No AI/ML component,,alto,
R0113,Enhancing Smart City Logistics Through IoT-Enabled Predictive Analytics: A Digital Twin and Cybernetic Feedback Approach,Fatorachian H.; Kazemi H.; Pawar K.,2025,Scopus + WoS,10.3390/smartcities8020056,I,,,,
R0114,"How Digital Twin Technology Can Support Value Stream Mapping, a Renewed Method in Lean Construction",Golsorkhi S.; Poshdar M.,2025,Scopus,10.1007/978-981-96-4051-5_92,E4,Wrong publication type,bajo,,
R0115,New Dimensions in the Study of Outsourcing Logistics Services: The Role of Digitalization in Enhancing Efficiency,Tamás P.,2025,Scopus + WoS,10.3390/logistics9020044,E1,No digital twin/model,,,
R0116,Method for Rrecognizing and Generating Three-Dimensional Objects to Create Digital Twins,Fedorin D.V.; Nastenko S.K.; Polyanichenko D.S.; Sukhanov A.V.; Grishaev S.Y.; Butakova M.A.,2025,Scopus + WoS,10.5391/ijfis.2025.25.1.97,I,,,,
R0117,Artificial intelligence and circular supply chains: framework for applications and deployment from the triple bottom line model perspective,Meena R.; Sahoo S.; Malik A.; Kumar S.; Nguyen M.,2025,Scopus + WoS,10.1007/s10479-025-06510-1,E4,Wrong publication type,medio,,
R0118,"Productivity Enhancement in the Indian Auto Component Manufacturing Supply Chain Through IoT, Digital Twins with Generative AI, and Stacked Encoder-Enhanced Neural Networks",Bhoite T.D.; Buktar R.B.; Mahalle P.N.; Khond M.P.; Pise G.S.; More Y.,2025,Scopus,10.1007/s43069-025-00522-0,I,,,,Make
R0119,Digital twin integration for dynamic quality loss control in fruit supply chains,Zou Y.; Wu J.; Meng X.; Wang X.; Manzardo A.,2025,Scopus + WoS,10.1016/j.jfoodeng.2025.112577,I,,,,
R0120,Developing Supply Chain Resilience with Advanced Digital Technology: A Review,Hu Y.; Ghadimi P.,2025,Scopus + WoS,10.1016/j.ifacol.2025.09.484,E4,Wrong publication type,alto,,
R0121,A Sequential Roadmap of Industry 5.0: Exploring Challenges and Opportunities,Joshi A.; Pandey D.; Bisht D.; Kumar R.; Bhandari K.,2025,Scopus,10.1109/icecst66106.2025.11307487,E1,No digital twin/model,,,
R0122,Digital Twin Approach for Ship Energy Management,Bonvicini A.; Cangelosi D.; Ingargiola R.; Marchese A.; Previti G.,2025,Scopus,10.3233/pmst250138,E2,No supply chain scope,,,
R0123,Smart Robotics in Shipbuilding Process,Carlo D.,2025,Scopus,10.3233/pmst250134,E1,No digital twin/model,,,
R0124,Quantitative Methods for Agri-Food Supply Chain Resilience: A Systematic Literature Review Using Text Mining,Çali S.; Ekren B.Y.; Toy A.Ö.,2025,Scopus + WoS,10.1016/j.ifacol.2025.09.044,E4,Wrong publication type,medio,,
R0125,Semantic Digital Twin Modeling of Urban Elements: Methods and Applications in Smart Cities,Li Y.; Yang J.; Zhang S.; Li Y.; Ye S.; Qin Z.; Guan Y.,2025,Scopus,10.1111/tgis.70144,E2,No supply chain scope,,,
R0126,ANTICIPATORY SYSTEMS IN SUPPLY CHAIN MANAGEMENT: THE ROLE OF ARTIFICIAL INTELLIGENCE AND PREDICTIVE ANALYTICS,Schrimpsher V.A.; Pham H.; Wooley A.,2025,Scopus + WoS,,E1,No digital twin/model,,,
R0127,Generative AI-Powered Digital Twins in Aviation: A Framework for Intelligent Simulation and Decision Making,Dubey A.,2025,Scopus + WoS,10.1109/isemv67326.2025.00034,I,,,,Make
R0128,AI and Big Data Analytics for Predicting Consumer Behaviour in Emerging Markets,Akshaya; Senthil Kumar B.; Ramji B.; Hassan M.M.; Shamila M.; Niranjanamurthy M.,2025,Scopus,10.1109/icmctc62214.2025.11196618,E1,No digital twin/model,,,
R0129,Integrating digital twin and blockchain for responsive working capital management in supply chains facing financial disruptions,Badakhshan E.; Ivanov D.,2025,Scopus + WoS,10.1080/00207543.2025.2507112,I,,,,
R0130,Bridging Sim2Real – Digital Twin for Autonomous Mobile Robots,Ding X.Y.; Ge J.; Yap W.-S.; Danny W.-K.N.; Wang F.-Y.; Goh C.-H.; Ding W.; Hau L.C.,2025,Scopus + WoS,10.1109/mesa68091.2025.11278886,E2,No supply chain scope,,,
R0131,A Bibliometric and Trend Analysis on Intelligent Technologies in Fashion 5.0 Supply Chains,Stijlen C.; Onar S.C.; Sarbazvatan S.,2025,Scopus,10.1007/978-3-031-97985-9_87,E4,Wrong publication type,medio,,
R0132,INTEGRATING ARTIFICIAL INTELLIGENCE INTO THE ARCTIC ECONOMY: PROSPECTS FOR RUSSIAN-CHINESE COOPERATION; [ИНТЕГРАЦИЯ ИСКУССТВЕННОГО ИНТЕЛЛЕКТА В ЭКОНОМИКУ АРКТИКИ: ПЕРСПЕКТИВЫ РОССИЙСКО-КИТАЙСКОГО СОТРУДНИЧЕСТВА],Skvortsova I.V.; Teslya A.B.; Somov A.G.; Zhang X.,2025,Scopus,10.37614/2220-802x.4.2025.90.010,E5,Not in English,,,
R0133,Digital Twin in Supply Chain Management: A Transformative Innovation for Resilience and Efficiency,Rai D.K.; Mani B.,2025,Scopus,10.1109/nkcon66957.2025.11345727,E3,No AI/ML component,,medio,
R0134,PORT PLANNING IN THE FACE OF ARTIFICIAL INTELLIGENCE: TOWARDS AN INNOVATIVE METHODOLOGICAL APPROACH,De Bari F.; Elsayeh M.-E.M.; Paroli M.; Querci A.; Papucci F.; Meini F.; Bonistalli M.; Scarsi M.,2025,Scopus,10.21622/1617,E1,No digital twin/model,,,
R0135,"Comparative forecasting of container throughput for maritime logistics using statistical, machine learning and explainable AI models",Lamdjad B.,2025,Scopus + WoS,10.1108/mabr-08-2025-0086,E1,No digital twin/model,,,
R0136,Toward Smart Manufacturing Metaverse via Digital Twinning in Extended Reality,Yang H.; Aqlan F.; Zhao R.,2025,Scopus + WoS,10.1115/1.4070437,E4,Wrong publication type,medio,,
R0137,From digital twins to supply chain ecosystems,Ivanov D.,2025,Scopus + WoS,10.1016/j.ifacol.2025.09.014,I,,,,
R0138,Outlining Expectations for Integrating Industry 5.0 Principles into Supply Chain Resilience Strategies,Elhidaoui S.; Hakmaoui I.; Elhanna R.,2025,Scopus + WoS,10.1109/logistiqua66323.2025.11122823,E1,No digital twin/model,,,
R0139,Predictive Analytics using Geolocation in Logistics: A Review,Sen S.; Chauhan L.,2025,Scopus,10.1109/gitcon65266.2025.11376703,E4,Wrong publication type,medio,,
R0140,The Research Landscape of Data-Driven Simulation in Transport and Logistics,Merkuryeva G.; Merkuryev Y.,2025,Scopus,10.1016/j.procs.2025.12.007,E4,Wrong publication type,alto,,
R0141,"The geo-politics of resilience: On the historical convergence between ecology, artificial intelligence, and corporate strategy",Halpern O.,2025,Scopus + WoS,10.1177/14614448251336420,E1,No digital twin/model,,,
R0142,Optimizing the Supply Chain through Instanteneous Synchronization of Logistics Interfaces: A Supply Chain 4.0 Framework,Kandsi L.; Jabir A.; Jawab F.,2025,Scopus,10.1109/atscm67505.2025.11473850,I,,,,
R0143,AI-Powered Digital Twins Revolutionizing Smart Manufacturing and Industrial IoT,Shrivastava A.; Hundekari S.; Praveen R.V.S.; Husain S.O.; Kumar R.; Nijhawan G.,2025,Scopus,10.1109/i2itcon65200.2025.11210486,E2,No supply chain scope,,,
R0144,Resilience and Vulnerability in Electrical Power Systems,Cherim G.-Y.; Saracin C.-G.,2025,Scopus + WoS,10.1109/atee66006.2025.11299884,E1,No digital twin/model,,,
R0145,Digital Twin Applications for Intralogistics Processes: A Literature Review,Ferrari A.; Mangano G.; Zenezini G.,2025,Scopus + WoS,10.1016/j.ifacol.2025.09.274,E4,Wrong publication type,alto,,
R0146,Design of an Iterative Model with Quantum Contextual Supply Chain Optimization under Uncertainty Scenarios,Sampath B.; Kumar P.S.; Sirisha U.; Mahesh A.V.,2025,Scopus,10.1051/epjconf/202534101055,I,,,,
R0147,Digital Twin for Managed Transportation - Transforming Logistics with AI-Driven Supply Chain Optimization,Bhalerao M.,2025,Scopus + WoS,10.1109/temsconglobal64363.2025.11238334,E3,No AI/ML component,,medio,
R0148,AI Based Advanced Green Supply Chain Through Sustainable Finance Strategies,Nagpal M.; Ghale B.; Baxi P.; Pattnaik S.C.; Aroul Canessane R.; Chaudhary P.,2025,Scopus,10.1109/sisimpact67725.2025.11439853,I,,,,
R0149,Reimagining Energy Systems through AI-Augmented Transformation,Ren K.; Huang Z.; Wang Y.; Wu W.,2025,Scopus + WoS,10.1109/bmsb65076.2025.11165625,E2,No supply chain scope,,,
R0150,"Predictive Reliability-Driven Optimization of Spare Parts Management in Aircraft Fleets Using AI, IoT, and Digital Twin Technologies",Mustafa M.A.S.,2025,Scopus,10.56578/jemse040305,I,,,,
R0151,"Generative modeling in smart manufacturing: Applications, challenges, and future directions",Ahsan M.N.; Islam M.D.S.; Bappy M.M.,2025,Scopus,10.1016/j.mfglet.2025.06.148,E4,Wrong publication type,bajo,,
R0152,Enhancing Liquefied Natural Gas supply chain robustness through digital twin-driven machine learning models: A special case of cryogenic heat exchanger,Mhiri M.; Mkacher H.; Al-Khatib M.; Kharbeche M.; AlNouss A.; Haouari M.,2025,Scopus + WoS,10.1016/j.jgsce.2025.205714,I,,,,Make
R0153,Leveraging IT Solutions for Enhancing Reliability in Piggyback Transportation Systems,Mukhamedova Z.; Ibragimova G.; Ergasheva Z.; Yakupbaev K.,2025,Scopus,10.25673/120440,E1,No digital twin/model,,,
R0154,Task support and collaborative capabilities enhancement an mixed reality and digital twin environment using an optimized network,Tiwari A.; Patel N.; Kumar S.,2025,Scopus + WoS,10.1007/s11276-025-04026-x,E2,No supply chain scope,,,
R0155,A Data-Driven Framework for Predictive Maintenance to Enhance Supply Chains Resilience Across Industrial Systems,Mhiri M.; Kharbeche M.; Haouari M.,2025,Scopus,10.1109/ieem63636.2025.11357697,E6,Duplicate,,,
R0156,Accelerating Industry 4.0 and 5.0: The Potential of Generative Artificial Intelligence,Boareto P.A.; Szejka A.L.; Loures E.F.R.; Deschamps F.; Santos E.A.P.,2025,Scopus + WoS,10.1007/978-3-031-80760-2_29,E1,No digital twin/model,,,
R0157,Supply Chain Data Analytics for Digital Twins: A Comprehensive Framework,Xiros V.; Gonzalez Castro J.M.; Fernandez-Pelaez F.; Magoutas B.; Christidis K.,2025,Scopus + WoS,10.3390/app15126939,I,,,,
R0158,Supply Chain Resilient Security for Industrial 4.0 Using AI-Based and Digital Twin Anomaly Detection,Pandey S.; Kandhari H.; Anwar S.R.; Manju Bargavi S.K.; Das Adhikary D.R.; Jegan Antony Marcilin L.,2025,Scopus,10.1109/intellisecai66368.2025.11472943,I,,,,
R0159,Modeling of the Distribution of Production Resources Based on GERT Networks,Kravchenko I.N.; Nekrasov S.I.; Erofeev M.N.,2025,Scopus + WoS,10.1134/s1063784225600699,E1,No digital twin/model,,,
R0160,Industry 4.0 technologies for improving SCOR model's enable phase: A systematic literature review,Selepe R.L.; Munyai T.; Makinde O.,2025,Scopus + WoS,10.1109/icmimt65123.2025.11091944,E4,Wrong publication type,alto,,
R0161,Disruption-Aware Simulation Framework for Supply Chain Delay Prediction Using Machine Learning,Garine R.; Paladugu N.; Nagalla S.; Garine G.; Tawade H.,2025,Scopus + WoS,10.1109/temsconglobal64363.2025.11238282,E1,No digital twin/model,,,
R0162,Plan Future Graph Visualization and Improvement,Croft B.L.,2025,Scopus + WoS,10.1007/978-3-031-78531-3_20,I,,,,
R0163,The Role of Technology in Climate Resilience: A Systematic Literature Review and Mapping Study Approach,Aprizal A.; Wiranatakusuma D.B.; Rizki M.; Anugrah R.A.,2025,Scopus,10.1088/1742-6596/2989/1/012037,E4,Wrong publication type,bajo,,
R0164,Design of a Geographic Path Model for Dongguan Export Based on Multi-Agent Reinforcement Learning and Supply Chain Simulation,Luo B.; Chen H.,2025,Scopus,10.1145/3749566.3749610,I,,,,
R0165,Exploring Technological Innovations in Digital Supply Chain Management: The Mediating Role of Artificial Intelligence,Ayasrah F.T.; Allahham M.; Almajali W.I.; Ahmad A.Y.A.B.; Ashal N.M.; Prasetya F.; Fortuna A.,2025,Scopus,10.1109/cyber-ai66431.2025.11233568,E1,No digital twin/model,,,
R0166,Federated Learning-Driven Digital Twins for Adaptive Optimization in Industrial IoT Systems,William P.; Singh T.P.; Ayasrah F.T.; Sivaperumal S.; Aluvalu R.; Kavitha Rani P.,2025,Scopus,10.1109/fllm67465.2025.11391005,I,,,,
R0167,Prescriptive Analytics for Next-Gen Supply Chains: Integrating Causal AI with Digital Twin Technologies,Gottimukkala S.R.; Bhuram S.K.,2025,Scopus + WoS,10.1109/prmvai65741.2025.11108465,I,,,,
R0168,Integrating Circular Economy and Industry 4.0 within Circular Supply Chains: A Literature Review and Network Analysis Insights,Morshedi M.; Hargaden V.; Papakostas N.; Ghadimi P.,2025,Scopus,10.1016/j.procir.2024.12.073,E4,Wrong publication type,bajo,,
R0169,"Human-in-the-Loop Artificial Intelligence for Asset Management: A Systematic Review of Applications, Methods, and Research Challenges",Industrial N.A.; Singgih M.L.; Gunarta I.K.,2025,Scopus,10.1109/icodse68111.2025.11351812,E4,Wrong publication type,alto,,
R0170,A Digital Twin Framework for Optimized Production Configuration and Simulation for Order Deadline Fulfilment: A Case Study in an Italian Food Company,Croci S.; Mazzuto G.; Ciarapica F.E.; Bevilacqua M.; Ortenzi M.; Osler G.,2025,Scopus,10.1109/ice/itmc65658.2025.11106618,E2,No supply chain scope,,,
R0171,Harnessing Digital Twins for Construction Site Management,Ayoubi A.A.; Ammar A.,2025,Scopus,10.22260/isarc2025/0100,E4,Wrong publication type,medio,,
R0172,Development of a Digital Twin for Global Sourcing Strategy Simulation,Lad M.; Singla L.,2025,Scopus,10.1109/lescdt66758.2025.00026,I,,,,
R0173,Integration of Digital Twin and AI-enabled ERP Systems: A Conceptual Framework for Intelligent Electronics Manufacturing Services,Paul S.,2025,Scopus,10.1109/ciees66347.2025.11300246,I,,,,Make
R0174,Digital Twin-Enabled Supply Chain Management in Cloud-based Smart Enterprises,Manoharan G.; Gharat A.; Banu R.N.; Soni A.; Sudhakar K.; Dhanke J.A.,2025,Scopus,10.1109/icosec67334.2025.11459761,I,,,,
R0175,Harnessing Industry 4.0 technologies in minimizing food loss and waste across the food supply chain: a hybrid study,Sarna K.K.; Das D.; Singh R.K.,2025,Scopus + WoS,10.1108/bij-10-2024-0900,E4,Wrong publication type,medio,,
R0176,A Generic Modeling Method of Multi-Modal/Multi-Layer Digital Twins for the Remote Monitoring and Intelligent Maintenance of Industrial Equipment,Yang M.; Cao Y.; Shangguan S.; Chen X.; Jiang P.,2025,Scopus + WoS,10.3390/machines13060522,E2,No supply chain scope,,,
R0177,Artificial Intelligence Powered IoT for Real-Time Inventory Control and Hyper-Personalized Retail Experiences,Ashok P.; Lakshmi Sridevi S.; Kanagaraj V.; Murali Krishna K.; Patchala S.; Jaiswal S.,2025,Scopus,10.1109/icft66708.2025.11336711,E4,Wrong publication type,bajo,,
R0178,A Data-Intelligence-Driven Digital Twin Framework for Improving Sustainability in Logistics,Abdullahi I.; Larijani H.; Liarokapis D.; Paterson J.; Jones D.; Murray S.,2025,Scopus + WoS,10.3390/app15020601,I,,,,
R0179,Enhancing Warehouse Efficiency Through SAP EWM in S/4HANA,Kattunga R.; Kamballi M.; Subramani P.; Singh S.K.; Saini R.K.,2025,Scopus,10.1109/icsit65336.2025.11294312,E4,Wrong publication type,bajo,,
R0180,Integrated Maritime TIC Enterprise-Based Technology Architecture,Avrianto R.P.; Indrajit R.E.,2025,Scopus,10.1109/icic68054.2025.11309404,E1,No digital twin/model,,,
R0181,Digital Transformation of Industry Through Using AI: A Bibliometric Analysis Approach,Strielkowski W.,2025,Scopus,10.1007/978-3-032-00118-4_2,E4,Wrong publication type,bajo,,
R0182,Federated Intelligence: A Privacy-Preserving Machine Learning Framework for GMP and GDP Compliance in API Supply Chains,Chereddi H.K.; Radhika R.,2025,Scopus,10.14445/23488549/ijece-v12i6p120,E1,No digital twin/model,,,
R0183,Quantum-Edge AI Framework for Real-Time Vehicle-Cargo Matching in Intelligent Transportation Systems,Velmurugadass P.; Anusha P.; Sri T.N.; Lakshmi K.C.; Charvitha Y.,2025,Scopus,10.1109/rcsm67767.2025.11507641,I,,,,
R0184,The smart supply chain management: Huawei's innovative approach,Benahmed S.; Benkhira M.; hansal A.,2025,Scopus,10.1108/ejms-03-2025-0028,I,,,,
R0185,Towards Quantum-Accelerated Urban Systems: Integrating Quantum Computing into Saudi Smart City Megaprojects Architecting Quantum-Smart Infrastructure for Deployment in Vision 2030 Initiatives,Alreshidi E.,2025,Scopus + WoS,10.14569/ijacsa.2025.0161239,E1,No digital twin/model,,,
R0186,"Digital Technology for Construction Circularity: Applications, State of Practice, and Trends",Chen X.; GhaffarianHoseini A.; Liu F.; Guo B.; Ghaffarianhoseini A.,2025,Scopus,10.1007/978-981-96-4051-5_64,E4,Wrong publication type,bajo,,
R0187,"Smart Supply Chains in Morocco: Sectoral Insights, Structural Barriers and Strategic Pathways for Inclusive Digital Transformation",Erradouani H.O.,2025,Scopus,10.1109/atscm67505.2025.11473905,E1,No digital twin/model,,,
R0188,CURRENT DEVELOPMENTS IN THE INDUSTRY FROM THE PERSPECTIVE OF THE RUBBER PROCESSING SECTOR,Dusík M.,2025,Scopus,10.35011/idimt-2025-233,E1,No digital twin/model,,,
R0189,Hydrotwin: Capturing the Heartbeat of the Ocean,Gomes T.; Santos A.; Vanneste J.; Van Toor A.; Ramos C.; Aromatario D.; Carrico R.; Cruz E.; Vaz G.,2025,Scopus + WoS,10.1109/exp.at2565440.2025.11348157,E2,No supply chain scope,,,
R0190,"Risk Management and Macroeconomic Disruptions in Supply Chains: The Role of Blockchain, Digital Twins, Generative AI, and Quantum Computing",Yoon J.; Alkhudary R.; Talluri S.; Fenies P.,2025,Scopus + WoS,10.1109/tem.2025.3585433,E4,Wrong publication type,alto,,
R0191,Generative AI and Territorial Logistics Network Modeling,Meziane B.; Alla L.; Bentalha B.,2025,Scopus,10.1109/atscm67505.2025.11473856,E4,Wrong publication type,medio,,
R0192,Research on Intelligent Strategy and Digital Operation of Automobile Industry Based on Artificial Intelligence,Ma C.; Tobias G.R.,2025,Scopus,10.1109/laai69202.2025.00066,I,,,,Make
R0193,Integrating Supply Chain 5.0 Tools to Establish a Leagile Supply Chain: An Empirical Research in Food Supply Chain,Gutierrez M.; Lopez Z.; Coles P.; Ramos E.,2025,Scopus + WoS,10.1007/978-3-031-98304-7_55,E1,No digital twin/model,,,
R0194,A conceptual digital twin framework for supply chain recovery and resilience,Ogunsoto O.V.; Olivares-Aguila J.; ElMaraghy W.,2025,Scopus + WoS,10.1016/j.sca.2024.100091,I,,,,
R0195,A DIGITAL TWIN FRAMEWORK FOR COMPUTER HARDWARE DESIGN AND ASSEMBLY: A RISK-PRIORITIZED APPROACH,Elsasser R.; Li H.; Kovalenko I.,2025,Scopus,10.1115/msec2025-155848,E1,No digital twin/model,,,
R0196,Immersive collaborative business process and extended reality-driven industrial metaverse technologies for economic value co-creation in 3D digital twin factories,Chatterjee S.; Kliestik T.; Rowland Z.; Bugaj M.,2025,Scopus + WoS,10.24136/oc.3596,E3,No AI/ML component,,,
R0197,Design and Implementation of a Semi-automated Warehouse System for Smart Logistics in Urban Infrastructure,Tsai W.-H.; Lee K.-H.; Yang C.-F.,2025,Scopus,10.18494/sam5896,E1,No digital twin/model,,,
R0198,"AI-Driven Innovation and Digital Twins: Integrating MHE Automation to Enhance Smart Warehousing, Logistics, and FSMA Compliance in the Food Industry",Balaraman N.K.; Rajendran P.; Thirumalai S.; Borse D.,2025,Scopus + WoS,10.1109/temsconglobal64363.2025.11238286,E4,Wrong publication type,alto,,
R0199,A REVIEW OF PROCUREMENT AND MANAGEMENT OF BUILDING SERVICES SYSTEMS: COMPLEXITIES AND TECHNOLOGY ADOPTION,Hewavitharana S.; Perera S.; Jin X.; Seneviratne K.; Bamdad K.,2025,Scopus,10.31705/wcs.2025.4,E4,Wrong publication type,bajo,,
R0200,Impact of digital disruption: Transforming supply chain for the future,Rani R.; Tanwar N.; Tyagi M.,2025,Scopus,10.1063/5.0293018,E4,Wrong publication type,bajo,,
R0201,Fincantieri Shipyards Digital Twin Model,Pilutti Namer T.; Tornielli M.,2025,Scopus,10.3233/pmst250135,I,,,,Make
R0202,Integrating artificial intelligence into the supply chain-Implications for management control: A systematic Literature Review,Wissal B.; Rachid E.Z.,2025,Scopus,10.1109/atscm67505.2025.11473486,E4,Wrong publication type,medio,,
R0203,HOW AUTONOMOUS ROBOTS AND INDOOR MAPPING IMPROVE WAREHOUSE SAFETY,Kochnev A.,2025,Scopus,10.5593/sgem2025/2.1/s10.25,I,,,,
R0204,EMPIRICAL MODELING OF THE IMPACT OF INDUSTRY 4.0 TECHNOLOGIES ON LOGISTICS SERVICE QUALITY,Bilad A.; Zaim M.; Zaim F.,2025,Scopus + WoS,10.17270/j.log.001249,E1,No digital twin/model,,,
R0205,Application of Reinforcement Learning to Improve Finished Goods Inventory Management: A Systematic Review,Vieira B.P.; Frazzon E.M.,2025,Scopus + WoS,10.1016/j.ifacol.2025.09.143,E4,Wrong publication type,medio,,
R0206,Digital Transformation in the Aircraft Industry: Technological and Strategic Aspects,Mezina N.A.; Tikhonov G.V.,2025,Scopus,10.3103/s1068798x25702612,E1,No digital twin/model,,,
R0207,"Improvement in Resource Management, Automated Process Monitoring, and Anomaly Detection in Industries: Analyzing AI with Industrial IoT Systems",Mahalakshmi M.; Veena K.; Pandi V.S.; Samiappan D.; Karthi K.; Ali G.,2025,Scopus,10.1109/icsss66939.2025.11346433,E1,No digital twin/model,,,
R0208,Empowering integrated design of a product and its downstream supply chain with smart technologies: A decision-making framework,Bouidmar H.; Labbi O.; Ahmadi A.,2025,Scopus,10.1109/cist65886.2025.11224155,E1,No digital twin/model,,,
R0209,"AI-Driven Transformations in Manufacturing: Bridging Industry 4.0, 5.0, and 6.0 in Sustainable Value Chains",Fernández-Miguel A.; García-Muiña F.E.; Ortíz-Marcos S.; Jiménez-Calzado M.; Fernández del Hoyo A.P.; Settembre-Blundo D.,2025,Scopus + WoS,10.3390/fi17090430,E1,No digital twin/model,,,
R0210,Mapping Artificial Intelligence Research in Automotive Manufacturing: A Bibliometric Study,OULED LAGHZAL S.; Abdelmajid E.O.,2025,Scopus,10.14569/ijacsa.2025.0161189,E4,Wrong publication type,bajo,,
R0211,"Digital twin for sex-specific identification of class III antiarrhythmic drugs based on in vitro measurements, computer models, and machine learning tools",Bai J.; Wang W.; Zhang X.; Lu H.; Zhang H.; Panfilov A.V.; Zhao J.,2025,Scopus,10.1371/journal.pcbi.1013154,E1,No digital twin/model,,,
R0212,Innovative Approaches to Transport Challenges in Port Cities Based on Literature Review,Jankowska A.,2025,Scopus + WoS,10.12716/1001.19.02.16,E4,Wrong publication type,bajo,,
R0213,AI-Driven Supply Chain Decarbonization: Strategies for Sustainable Carbon Reduction,Frikha M.A.; Mrad M.,2025,Scopus + WoS,10.3390/su17219642,E1,No digital twin/model,,,
R0214,Enhancing Manufacturing Agility: The Role of Digital Twins and AI in Reconfigurable Production Systems,Iacovanelli M.; Mazzuto G.; Ortenzi M.; Ciarapica F.E.; Bevilacqua M.; Vanderwal B.,2025,Scopus,10.1109/ice/itmc65658.2025.11106603,E2,No supply chain scope,,,
R0215,Role of IOT in Additive Manufacturing,Dewang Y.; Khan A.; Sharma V.; Mohan S.R.,2025,Scopus,10.1007/978-981-97-6016-9_25,E4,Wrong publication type,bajo,,
R0216,Patient Digital Twins for Dynamic Hospital Supply Chain Management AI-Based Predictive Resource Allocation,Avhad P.R.; Radhakrishnan G.V.; Parashar J.; Malik K.; Gupta K.; Upreti K.,2025,Scopus,10.1109/icdiss68238.2025.11320584,E2,No supply chain scope,,,
R0217,Benefits and Challenges of AI-Based Digital Twin Integration in the Saudi Arabian Construction Industry: A Correspondence Analysis (CA) Approach,Alnaser A.A.; Elmousalami H.,2025,Scopus + WoS,10.3390/app15094675,E1,No digital twin/model,,,
R0218,Development of Intelligent Manufacturing Solutions Based on Agent-Service Approach,Topolsky D.; Beliakova V.; Patrakhina T.,2025,Scopus,10.1109/icieam65163.2025.11028375,E2,No supply chain scope,,,
R0219,Enhancing SAP Predictive Maintenance and Industrial Analytics with LLM-Driven Automation,Chandrakumaran A.,2025,Scopus,10.1109/mpcon66082.2025.11256577,E1,No digital twin/model,,,
R0220,AGV Vehicle Dynamics Optimization in Automated Logistics Warehousing Systems,Hong F.; Ye J.; Liu Z.; Deng J.; Xu Y.; Zheng Y.,2025,Scopus,10.1109/issmas65783.2025.11102937,E3,No AI/ML component,,alto,
R0221,The Impact of AI Foundation models on the future of digital engineering for logistics and supply Chain,Nicoletti B.; Appolloni A.,2025,Scopus,10.1016/j.dte.2025.100058,I,,,,
R0222,Sustainable Design and Lifecycle Prediction of Crusher Blades Through a Digital Replica-Based Predictive Prototyping Framework and Data-Efficient Machine Learning,Sucuoglu H.S.; Aksoy S.; Demircioglu P.; Bogrekci I.,2025,Scopus,10.3390/su17167543,E1,No digital twin/model,,,
R0223,Integrated data-driven and artificial intelligence framework to develop digital twins in distribution system of supply chains: A real industrial case,Ziari M.; Taleizadeh A.A.,2025,Scopus + WoS,10.1016/j.ijpe.2025.109743,I,,,,
R0224,A DIKW-Based Pyramid Framework for Integrating the Metaverse in Supply Chain Management,Ichsan F.A.; Noche B.; Lobeck F.,2025,Scopus,10.1109/ojid.2025.3639210,E4,Wrong publication type,medio,,
R0225,DiEM – A Digital Engine Management Platform for Condition-Based Maintenance and Performance Optimization,Kyrtatos P.; Nikolopoulos L.; Nikolopoulos P.; Simatos P.; Chatzidakis K.,2025,Scopus,10.5957/smc-2025-084,E2,No supply chain scope,,,
R0226,"AI-Driven Sustainable Infrastructure and EV Supply Chain Optimization Using BIM, LiDAR, and SAP-Based Automation",Enugala V.K.; Goel G.,2025,Scopus,10.1109/iconstem65670.2025.11374619,I,,,,
R0227,Digital technologies and modelling for enhancing supply chain efficiency in international road transport,"Onyshchuk, V; Dubytskyi, O; Bodak, V; Pavlova, I; Riabykh, N",2025,WoS,10.20397/2177-6652/2025.v25i1.3114,E1,No digital twin/model,,,
R0228,From Code to Cargo: A Bibliometric Mapping of the Metaverse Revolution in Supply Chain Management,"Krishna, S; Choudhary, A; Dwivedi, R",2025,WoS,10.2478/zireb-2025-0008,E4,Wrong publication type,medio,,
R0229,Into the Revolution of Industry 5.0 in Ensuring Ethical Fashion: A Review on Conceptual Framework,"Nahid-Ull-Islam, M; Hasan, SMM",2025,WoS,10.14502/tekstilec.68.2025057,E4,Wrong publication type,bajo,,
R0230,"Industry 6.0: Vision, technical landscape, and opportunities","Verma, A; Prasad, VK; Kumari, A; Bhattacharya, P; Srivastava, G; Fang, K; Wang, W; Gadekallu, TR",2025,WoS,10.1016/j.aej.2025.08.040,E4,Wrong publication type,bajo,,
R0231,Exploring the metaverse: integrating emerging technologies for Industry 5.0 advancement,"Faraji, A; Arya, SH; Ghasemi, E; Mahabadi, HA; Perera, S",2025,WoS,10.1108/sasbe-04-2025-0169,E4,Wrong publication type,bajo,,
R0232,Coupling simulation and machine learning for predictive analytics in supply chain management,Zhang T.; Lauras M.; Zacharewicz G.; Rabah S.; Benaben F.,2024,Scopus + WoS,10.1080/00207543.2024.2342019,E1,No digital twin/model,,,
R0233,Digital Twin-Driven Reinforcement Learning for Dynamic Path Planning of AGV Systems,Lee D.; Kang Y.-S.; Do Noh S.; Kim J.; Kim H.,2024,Scopus,10.1007/978-3-031-71633-1_25,I,,,,Make
R0234,Research on the Construction of Supply Chains of Digital Twin Aquatic Products Using Artificial Intelligence,Luo J.; Xu Z.,2024,Scopus,10.1145/3696500.3696504,E3,No AI/ML component,,medio,
R0235,PORT MANAGEMENT DIGITAL TWIN AND CONTROL TOWER INTEGRATION: AN APPROACH TO SUPPORT REAL-TIME DECISION MAKING,Fernandes A.; Gutierres D.; Fugihara M.; de Norman B.,2024,Scopus + WoS,10.1109/wsc63780.2024.10838965,E3,No AI/ML component,,alto,
R0236,Revealing the compound interrelationships toward sustainable transition in semiconductor supply chain: A sensitivity analysis,Qiu H.; Tseng S.W.; Zhang X.; Huang C.; Wu K.-J.,2024,Scopus + WoS,10.1016/j.ijpe.2024.109218,E1,No digital twin/model,,,
R0237,Defining a Cognitive Digital Twin architecture in food supply chains: the early outcomes of DSS4LCO initiative,Monizza G.P.; Mozaffari M.; Fabbrizzi S.; Gamper J.; Lanz O.; Matt D.T.,2024,Scopus,10.46354/i3m.2024.foodops.010,I,,,,
R0238,Flexible Hyper-Distributed IoT–Edge–Cloud Platform for Real-Time Digital Twin Applications on 6G-Intended Testbeds for Logistics and Industry,Crespo-Aguado M.; Lozano R.; Hernandez-Gobertti F.; Molner N.; Gomez-Barquero D.,2024,Scopus + WoS,10.3390/fi16110431,E3,No AI/ML component,,,
R0239,"A Systematic Literature Review on the Uses, Benefits, Challenges, and Prospects of Digital Twins in Livestock Farm Management",Hasan M.K.; Mun H.-S.; Ampode K.M.B.; Lagua E.B.; Park H.-R.; Kim Y.-H.; Sharifuzzaman M.; Yang C.-J.,2024,Scopus,10.17582/journal.aavs/2024/12.12.2301.2314,E4,Wrong publication type,bajo,,
R0240,"Predictive manufacturing: State of the art, design standards, limitations, challenges, and future perspectives",Palaniappan R.,2024,Scopus,10.1063/5.0235999,E4,Wrong publication type,bajo,,
R0241,Software and Architecture Orchestration for Process Control in Industry 4.0 Enabled by Cyber-Physical Systems Technologies,Serôdio C.; Mestre P.; Cabral J.; Gomes M.; Branco F.,2024,Scopus + WoS,10.3390/app14052160,E1,No digital twin/model,,,
R0242,A Topic Modeling Approach to Determine Supply Chain Management Priorities Enabled by Digital Twin Technology,Hirata E.; Watanabe D.; Chalmoukis A.; Lambrou M.,2024,Scopus + WoS,10.3390/su16093552,E4,Wrong publication type,alto,,
R0243,"The integration of green energy and artificial intelligence in next-generation energy supply chain: An analysis of economic, social, and environmental impacts",Qiu K.; Zhao K.,2024,Scopus + WoS,10.1016/j.seta.2024.103660,E2,No supply chain scope,,,
R0244,Implementation of Multi Extension in Blockchain-Based IoT Platform for Industrial IoT Devices,Prayudi A.; Sukaridhoto S.; Al Rasyid M.U.H.; Hakim O.S.; Panduman Y.Y.F.; Budiarti R.P.N.,2024,Scopus,10.62527/joiv.8.2.2401,E2,No supply chain scope,,,
R0245,Petroleum Industry Value Chain Optimization: the Inevitability of Artificial Intelligence and Data Science in Midstream and Downstream Development,Favour D.A.,2024,Scopus,10.2118/221799-ms,E1,No digital twin/model,,,
R0246,Metaverse in transportation and logistics operations: An AI-supported digital technological framework,Kuo H.-T.; Choi T.-M.,2024,Scopus + WoS,10.1016/j.tre.2024.103496,E4,Wrong publication type,alto,,
R0247,Optimization of cooling rate of Q-P treated 42SiCr steel using AI digital twinning,Khalaj O.; Hassas P.; Mašek B.; Štadler C.; Svoboda J.,2024,Scopus + WoS,10.1016/j.heliyon.2024.e32101,E2,No supply chain scope,,,
R0248,"Cognitive digital twin-based Internet of Robotic Things, multi-sensory extended reality and simulation modeling technologies, and generative artificial intelligence and cyber–physical manufacturing systems in the immersive industrial metaverse",Lăzăroiu G.; Gedeon T.; Valaskova K.; Vrbka J.; Šuleř P.; Zvarikova K.; Kramarova K.; Rowland Z.; Stehel V.; Gajanova L.; Horák J.; Grupac M.; Caha Z.; Blazek R.; Kovalova E.; Nagy M.,2024,Scopus + WoS,10.24136/eq.3131,E4,Wrong publication type,bajo,,
R0249,Potential of Applying Artificial Intelligence to Hot Metal Logistics Management,Campos M.G.G.; van Beurden P.,2024,Scopus,10.19691/j.cnki.1004-4493.2024.03.006,I,,,,Make
R0250,Application of simulation and machine learning in supply chain management: A synthesis of the literature using the Sim-ML literature classification framework,Badakhshan E.; Mustafee N.; Bahadori R.,2024,Scopus + WoS,10.1016/j.cie.2024.110649,E4,Wrong publication type,medio,,
R0251,"Big data, machine learning, and digital twin assisted additive manufacturing: A review",Jin L.; Zhai X.; Wang K.; Zhang K.; Wu D.; Nazir A.; Jiang J.; Liao W.-H.,2024,Scopus + WoS,10.1016/j.matdes.2024.113086,E4,Wrong publication type,medio,,
R0252,Digital twin model with machine learning and optimization for resilient production–distribution systems under disruptions,Corsini R.R.; Costa A.; Fichera S.; Framinan J.M.,2024,Scopus + WoS,10.1016/j.cie.2024.110145,I,,,,
R0253,Instance Segmentation and Digital Twin Use Case for WIP Tracking in Heavy Industry,Choi J.W.; Patil S.; Lee C.; Park J.-H.,2024,Scopus + WoS,10.1007/978-3-031-71633-1_26,I,,,,Make
R0254,A Conceptual Framework for Optimizing Performance in Sustainable Supply Chain Management and Digital Transformation towards Industry 5.0,Dossou P.-E.; Alvarez-de-los-Mozos E.; Pawlewski P.,2024,Scopus + WoS,10.3390/math12172737,E3,No AI/ML component,,,
R0255,A Supply Chain Digital Twins Framework with Generative Knowledge Graph,Zhang J.; Wang Y.; Jia Z.; Ren L.,2024,Scopus,10.1109/swc62898.2024.00315,I,,,,
R0256,"Digital Twin Prototype Structure of Value, Demand and Supply Chain Management",Tyapukhin A.; Yumatov A.; Vidishcheva R.,2024,Scopus,10.1007/978-3-031-66801-2_19,E3,No AI/ML component,,medio,
R0257,The Convergence of Artificial Intelligence and Big Data for Humanitarian Supply Chain Resilience,Ahatsi E.; Akpan J.; Olanrewaju O.,2024,Scopus + WoS,10.1109/ihtc61819.2024.10855125,E4,Wrong publication type,medio,,
R0258,Leveraging the Metaverse for Enhanced Decision-Making in Supply Chain Management: A Framework for Addressing Industry 5.0 Challenges,Abdellatif G.; Alexandre P.; Fouad B.-A.; Christophe J.; Alain G.,2024,Scopus,10.1109/csdgais64098.2024.11064834,E1,No digital twin/model,,,
R0259,Digital Moon: Usage of Artificial Intelligence and Digital Twins for a Sustainable Lunar Economy,Boldt M.; Filipecka Z.; Nitschke F.; Ventre F.,2024,Scopus,10.52202/078374-0047,E4,Wrong publication type,bajo,,
R0260,Effects of Adopting Industry 4.0 on a Manufacturing Plant,Waghanna P.; Reddy A.; Deshpande S.; Chavan S.; Jaiswal V.R.; Naranje V.,2024,Scopus,10.1109/icrito61523.2024.10522189,E4,Wrong publication type,bajo,,
R0261,Machine Learning Model for a Digital Twin for Predictive Maintenance and Optimization in A Fruit Supply Chain,Goel V.; Arora A.; Rani R.; Goel N.; Thakar P.; Arora H.,2024,Scopus,10.1109/icaiqsa64000.2024.10882378,I,,,,
R0262,Recent developments in urban freight analytics for collaborative city logistics,Taniguchi E.; Thompson R.G.; Qureshi A.G.,2024,Scopus,10.1016/j.trpro.2024.03.003,E4,Wrong publication type,medio,,
R0263,Digital Twin Framework in Supply Chain Governance,Ghabak V.; Chaugule R.,2024,Scopus,10.1109/ic2pct60090.2024.10486732,E4,Wrong publication type,medio,,
R0264,Data-driven approach for dwell point positioning in automated storage and retrieval system: a metaheuristic-optimized ensemble learning,Rizqi Z.U.; Chou S.-Y.; Yu T.H.-K.,2024,Scopus,10.1007/s10479-024-06342-5,E1,No digital twin/model,,,
R0265,The role of advanced technologies and supply chain collaboration: during COVID-19 on sustainable supply chain performance,Javed A.; Basit A.; Ejaz F.; Hameed A.; Fodor Z.J.; Hossain M.B.,2024,Scopus + WoS,10.1007/s43621-024-00228-z,E1,No digital twin/model,,,
R0266,Transforming Cold Chain Management: The Role of Digital Twins in Post-Harvest Logistics,Vedashree R.; Ashok P.; Pillai S.,2024,Scopus + WoS,10.1109/wconf61366.2024.10691976,E3,No AI/ML component,,medio,
R0267,Construction of Beidou Space Time Technology Application Micromajor and Practice of Characteristic New Engineering Education,Xing J.; Yang X.; Cao C.; Meng L.; Ning Y.; Liu H.; Wang S.,2024,Scopus,10.1007/978-981-99-6928-9_21,E1,No digital twin/model,,,
R0268,"Leveraging Artificial Intelligence, Internet of Things, and Digital Twins in Sustainable Agriculture",Thakkar B.; Shaikh S.; Katkade P.; Shukre V.A.,2024,Scopus,10.1109/sparc61891.2024.10829179,E4,Wrong publication type,bajo,,
R0269,Machine Learning-Based Digital Twin for Water Distribution Network Anomaly Detection and Localization †,Pandey P.; Mücke N.T.; Jain S.; Ramachandran P.; Bohté S.M.; Oosterlee C.W.,2024,Scopus,10.3390/engproc2024069201,E2,No supply chain scope,,,
R0270,Towards Human-Centric Manufacturing: Leveraging Digital Twin for Enhanced Industrial Processes,Yang C.; Yu H.; Zheng Y.; Ala-Laurinaho R.; Feng L.; Tammi K.,2024,Scopus + WoS,10.1109/iecon55916.2024.10905474,I,,,,Make
R0271,Artificial intelligence enriched industry 4.0 readiness in manufacturing: the extended CCMS2.0e maturity model,Nick G.; Zeleny K.; Kovács T.; Járvás T.; Pocsarovszky K.; Kő A.,2024,Scopus + WoS,10.1080/21693277.2024.2357683,E1,No digital twin/model,,,
R0272,Deploying hybrid modelling to support the development of a digital twin for supply chain master planning under disruptions,Badakhshan E.; Ball P.,2024,Scopus + WoS,10.1080/00207543.2023.2244604,I,,,,
R0273,Conceptualisation of a 7-element digital twin framework in supply chain and operations management,Ivanov D.,2024,Scopus + WoS,10.1080/00207543.2023.2217291,I,,,,
R0274,"IKEA’s digital transformation: Lessons, achievements, and prospects in supply chain management",Yuan S.,2024,Scopus,10.1201/9781003508816-92,E1,No digital twin/model,,,
R0275,Navigating the Future: Digital Twin in Maritime Industry,Zeneli M.; Marinova G.,2024,Scopus + WoS,10.1109/cobcom62281.2024.10631195,E4,Wrong publication type,medio,,
R0276,Navigating Uncertainty: Cutting-Edge Approaches in Process Control and Monitoring for Risk Mitigation in Supply Chain Management †,Singh A.B.; Mishra Y.; Dusad C.; Dangayach G.S.; Sarkar P.; Meena M.L.,2024,Scopus,10.3390/engproc2024067074,E4,Wrong publication type,medio,,
R0277,A Reference Architecture for Dry Port Digital Twins: Preliminary Assessment Using ArchiMate,Antunes J.; Barata J.; da Cunha P.R.; Estima J.; Tavares J.,2024,Scopus + WoS,10.1007/978-3-031-59465-6_9,E3,No AI/ML component,,medio,
R0278,Blockchain Anchored Federated Learning and Tokenized Traceability for Sustainable Food Supply Chains,Chaganti K.R.; Kumar B.N.; Gutta P.K.; Elicherla S.L.R.; Nagesh C.; Raghavendar K.,2024,Scopus,10.1109/icuis64676.2024.10866271,E1,No digital twin/model,,,
R0279,Technologies of Industry 4.0 for the next fashion revolution: A systematic literature review,Daniela Huayanca Quispe S.; Mirely Moza Villalobos K.; Rodriguez S.,2024,Scopus,10.18687/laccei2024.1.1.582,E4,Wrong publication type,bajo,,
R0280,Internet of Things and Sustainability: A Literature Review,Gupta K.; Kar A.K.; Gupta M.P.,2024,Scopus,10.1007/978-3-031-50204-0_4,E4,Wrong publication type,bajo,,
R0281,Enhancing E-commerce Management with Machine Learning and Internet of Things: Design and Development,"Pang, DK; Wang, SD; Ge, D; Lin, W; Kang, YQ; Li, RTY",2024,WoS,10.1007/s13132-024-01969-y,E2,No supply chain scope,,,
R0282,Software Practice and Experience on Smart Mobility Digital Twin in Transportation and Automotive Industry: Toward SDV-empowered Digital Twin through EV Edge-Cloud and AutoML,"Kang, J",2024,WoS,10.13052/jwe1540-9589.2385,E2,No supply chain scope,,,
R0283,Trends in scientific production in the area of digital technologies and circular economy,"Aponte, GM",2024,WoS,10.35588/6436n243,E4,Wrong publication type,bajo,,
R0284,Automation of AM Via IoT Towards Implementation of e-logistics in Supply Chain for Industry 4.0,Ashima R.; Haleem A.; Bahl S.; Nandan D.; Javaid M.,2023,Scopus,10.1007/978-981-16-9057-0_20,E4,Wrong publication type,bajo,,
R0285,An Approach for Estimation of Temperature Profile Inside a Reefer Container During Transportation,Pattanaik S.; Bagchi S.; Nayak A.K.; Ghanshyam Katre P.; Jenamani M.,2023,Scopus + WoS,10.1109/oncon60463.2023.10430686,E1,No digital twin/model,,,
R0286,A Bibliometric Analysis of Digital Twin in the Supply Chain,Lam W.S.; Lam W.H.; Lee P.F.,2023,Scopus + WoS,10.3390/math11153350,E4,Wrong publication type,alto,,
R0287,Application of MES/MOM for Industry 4.0 supply chains: A cross-case analysis,Mantravadi S.; Srai J.S.; Møller C.,2023,Scopus,10.1016/j.compind.2023.103907,E1,No digital twin/model,,,
R0288,Navigating the Potential Applications and Challenges of Intelligent and Sustainable Manufacturing for a Greener Future,Akhai S.,2023,Scopus,10.5109/7160899,E1,No digital twin/model,,,
R0289,Research on Key Technologies of CCUS Supply Chain Digital Twin System for Smart Agriculture,Zhe W.; Xinhua Z.; Yiwei S.; Kaiqiang S.; Liang Z.; Hui D.,2023,Scopus,10.46855/energy-proceedings-10547,I,,,,
R0290,Research on the Application of Digital Twin Technology in Intelligent Information System of Modern Logistics Warehouse,Li N.; Sun J.,2023,Scopus,10.1109/icdsca59871.2023.10392494,I,,,,
R0291,Real-time Mixed Reality (MR) and Artificial Intelligence (AI) object recognition integration for digital twin in Industry 4.0,Tang Y.M.; Kuo W.T.; Lee C.K.M.,2023,Scopus + WoS,10.1016/j.iot.2023.100753,I,,,,
R0292,Driving Sustainability in Logistics Value Chains: A Telematics Data Hub Implementation for Accurate Carbon Footprint Assessment and Reporting Using Global Standards-based Tools,Agavanakis K.; Quitard R.; Kousias N.; Mellios G.; Elkaim E.,2023,Scopus,10.1063/5.0171377,E1,No digital twin/model,,,
R0293,A DDoS Attack Detection System for Industry 5.0 using Digital Twins and Machine Learning,Gaurav A.; Gupta B.B.; Tai Chui K.; Arya V.; Benkhelifa E.,2023,Scopus,10.1109/gcce59613.2023.10315663,E2,No supply chain scope,,,
R0294,The Meta-Metaverse: Ideation and Future Directions,Jamshidi M.; Dehghaniyan Serej A.; Jamshidi A.; Moztarzadeh O.,2023,Scopus + WoS,10.3390/fi15080252,E2,No supply chain scope,,,
R0295,Demystifying xAOSF/AOSR Framework in the Context of Digital Twin and Industry 4.0,Ud Din F.; Paul D.,2023,Scopus,10.1007/978-3-031-16075-2_44,I,,,,Make
R0296,Harnessing Artificial Intelligence for Supply Chain Optimization: Enhanced Demand Prediction and Cost Reduction,Aljazzar S.M.,2023,Scopus,10.1109/eiceeai60672.2023.10590108,E4,Wrong publication type,medio,,
R0297,DIGITAL-TWIN ENABLED CONSTRUCTION SYSTEM FOR SUPPLY CHAIN RISK MANAGEMENT,Zhang W.; Yu C.; Xiao J.; Cheung D.; Kin H.; Zhong R.Y.,2023,Scopus + WoS,10.1109/case56687.2023.10288632,I,,,,
R0298,Applying digital twins for inventory and cash management in supply chains under physical and financial disruptions,Badakhshan E.; Ball P.,2023,Scopus + WoS,10.1080/00207543.2022.2093682,I,,,,
R0299,Real-Time Logistics and Warehouse Integration via Networks of the Future and Dynamic Digital Twins,Khetani N.; Sharma A.; Kulkarni A.,2023,Scopus,10.1109/ieeeconf58110.2023.10520525,I,,,,
R0300,Design and Implementation of a Digital Twin Testbed for Smart Warehouse Operations,Aouani S.E.; Daldoul D.; Sboui L.; Chaabane A.,2023,Scopus,10.1109/scc59637.2023.10527573,E3,No AI/ML component,,alto,
R0301,Digital Twin in the Aviation Industry and the Role of Machine Learning: A Review,Aggarwal P.; Narwal B.; Mohapatra A.K.; Bhati P.,2023,Scopus,10.1007/978-981-99-6568-7_41,E4,Wrong publication type,bajo,,
R0302,AI-Enabled Sensor-Driven Marketability Prediction of Strawberry Digital Twins,Elashmawy R.; Doron M.; Brecht J.K.; Uysal I.,2023,Scopus + WoS,10.1109/cai54212.2023.00112,I,,,,
R0303,A Novel Approach of Resource Allocation for Distributed Digital Twin Shop-Floor,Zhang H.; Yan Q.; Qin Y.; Chen S.; Zhang G.,2023,Scopus + WoS,10.3390/info14080458,E2,No supply chain scope,,,
R0304,Sustainable Urban Freight for Energy-Efficient Smart Cities—Systematic Literature Review,Golinska-Dawson P.; Sethanan K.,2023,Scopus + WoS,10.3390/en16062617,E4,Wrong publication type,medio,,
R0305,Autonomous Drilling Fluid Management System - Development of Fluid Advisory System and First Lab Trial,"Ettehadi R.; Onegova E.; Fevang F.Ø.; Knizhnik A.; Postovalov S.; Brevik J.O.; Thompson C., Jr.; Egorenkova T.; Kaageson-Loe N.",2023,Scopus,10.2118/215047-ms,E2,No supply chain scope,,,
R0306,Factory Simulation of Optimization Techniques Based on Deep Reinforcement Learning for Storage Devices,Lim J.-B.; Jeong J.,2023,Scopus + WoS,10.3390/app13179690,I,,,,Make
R0307,A Digital Reverse Logistics Twin for Improving Sustainability in Industry 5.0,Sun X.; Yu H.; Solvang W.D.,2023,Scopus + WoS,10.1007/978-3-031-43666-6_19,E3,No AI/ML component,,medio,
R0308,A machine learning digital twin approach for critical process parameter prediction in a catalyst manufacturing line,Perno M.; Hvam L.; Haug A.,2023,Scopus,10.1016/j.compind.2023.103987,E2,No supply chain scope,,,
R0309,"Intelligent digital twin (iDT) for supply chain stress-testing, resilience, and viability",Ivanov D.,2023,Scopus + WoS,10.1016/j.ijpe.2023.108938,I,,,,
R0310,Blockchain Technology for Food Supply Chain Traceability and Authentication,Barge P.; Franchetto M.A.A.; Maritano V.; Tortia C.; Gay P.; Schifanella C.; Cena F.,2023,Scopus,10.1007/978-3-031-30329-6_30,E1,No digital twin/model,,,
R0311,Challenges and perspectives for agribusiness logistics chain in the Industry 4.0 era,Quadras D.; Rigon B.; da Silva E.R.; Frazzon E.,2023,Scopus + WoS,10.1016/j.procir.2023.09.187,E4,Wrong publication type,medio,,
R0312,Digitalization of Supply Chain Management with Industry 4.0 Enabling Technologies: A Sustainable Perspective,Chauhan S.; Singh R.; Gehlot A.; Akram S.V.; Twala B.; Priyadarshi N.,2023,Scopus + WoS,10.3390/pr11010096,E4,Wrong publication type,medio,,
R0313,Supply chain risk identification: a real-time data-mining approach,Deiva Ganesh A.; Kalpana P.,2022,Scopus + WoS,10.1108/imds-11-2021-0719,E1,No digital twin/model,,,
R0314,Framework for planning and implementation of Digital Process Twins in the field of internal logistics,Zuhr P.; Rissmann L.; Meißner S.,2022,Scopus + WoS,10.1016/j.ifacol.2022.10.038,E3,No AI/ML component,,alto,
R0315,Using digital twins for inventory and cash management in supply chains,Badakhshan E.; Ball P.; Badakhshan A.,2022,Scopus + WoS,10.1016/j.ifacol.2022.09.689,E6,Duplicate,,,
R0316,A Social Media-driven Digital Twin of an Invasive Species,Scheibmeir J.; Malaiya Y.,2022,Scopus,10.46354/i3m.2022.sesde.002,E1,No digital twin/model,,,
R0317,Digital twin framework for reconfigurable manufacturing systems (RMSs): design and simulation,Kombaya Touckia J.; Hamani N.; Kermad L.,2022,Scopus,10.1007/s00170-022-09118-y,E2,No supply chain scope,,,
R0318,Reforming Supply Chain Systems in Metaverse,Cui Y.; Idota H.; Ota M.,2022,Scopus,10.1145/3561278.3561289,E1,No digital twin/model,,,
R0319,Utilising Digital Twins for Increasing Military Supply Chain Visibility,Sani S.; Schaefer D.; Milisavljevic-Syed J.,2022,Scopus,10.3233/atde220595,E3,No AI/ML component,,medio,
R0320,Factory Inventory Automation using Industry 4.0 Technologies,Vaddadi S.; Srinivas V.; Reddy N.A.; Girish H.; Rajkiran D.; Devipriya A.,2022,Scopus,10.1109/globconet53749.2022.9872416,E1,No digital twin/model,,,
R0321,Dynamic Resource Allocation in Supply Chain Scheduling Using Digital Twin Models,Greene L.M.; Steiner J.H.,2022,Scopus,10.71086/iajse/v9i4/iajse0928,I,,,,
R0322,Machine Learning-Based Digital Twin for Monitoring Fruit Quality Evolution,Melesse T.Y.; Bollo M.; Pasquale V.D.; Centro F.; Riemma S.,2022,Scopus + WoS,10.1016/j.procs.2022.01.200,I,,,,
R0323,From traditional warehouses to Physical Internet hubs: A digital twin-based inbound synchronization framework for PI-order management,Leung E.K.H.; Lee C.K.H.; Ouyang Z.,2022,Scopus + WoS,10.1016/j.ijpe.2021.108353,I,,,,
R0324,Integrating AI in an Audio-Based Digital Twin for Autonomous Management of Roadway Construction,Deria A.; Ghannad P.; Lee Y.-C.,2022,Scopus,10.1061/9780784483961.056,I,,,,
R0325,Socially responsible operations in the Industry 4.0 era: post-COVID-19 technology adoption and perspectives on future research,Asokan D.R.; Huq F.A.; Smith C.M.; Stevenson M.,2022,Scopus + WoS,10.1108/ijopm-01-2022-0069,E4,Wrong publication type,medio,,
R0326,Design of Cyber-Physical Waste Management Systems Focusing on Energy Efficiency and Sustainability,Akkad M.Z.; Haidar S.; Bányai T.,2022,Scopus,10.3390/designs6020039,E1,No digital twin/model,,,
R0327,A Reinforcement Learning Powered Digital Twin to Support Supply Chain Decisions,Martin G.; Oger R.,2022,Scopus,10.24251/hicss.2022.287,I,,,,
R0328,Towards Learning-Enabled Digital Twin with Augmented Reality for Resilient Production Scheduling,Greis N.P.; Nogueira M.L.; Rohde W.,2022,Scopus + WoS,10.1016/j.ifacol.2022.09.678,I,,,,Make
R0329,The Role Of AI In Warehouse Digital Twins,Elbouzidi A.D.; Bélanger M.-J.; el Cadi A.A.; Pellerin R.; Lamouri S.; Valencia E.T.,2022,Scopus,10.46354/i3m.2022.emss.024,E4,Wrong publication type,alto,,
R0330,Key Issues for Digital Factory Designing and Planning: A Survey,Wang H.; Du W.; Li S.,2022,Scopus,10.1007/978-3-030-92317-4_2,E4,Wrong publication type,bajo,,
R0331,Digital Twin Framework for Machine Learning-Enabled Integrated Production and Logistics Processes,Greis N.P.; Nogueira M.L.; Rohde W.,2021,Scopus + WoS,10.1007/978-3-030-85874-2_23,I,,,,Make
R0332,Supply chain resilience for vaccines: review of modeling approaches in the context of the COVID-19 pandemic,Golan M.S.; Trump B.D.; Cegan J.C.; Linkov I.,2021,Scopus + WoS,10.1108/imds-01-2021-0022,E4,Wrong publication type,medio,,
R0333,Simulation based Performance Analysis of Production Intralogistics,Golova J.; Mahmood K.; Raamets T.,2021,Scopus,10.1088/1757-899x/1140/1/012026,E1,No digital twin/model,,,
R0334,A decision support system for urban agriculture using digital twin: A case study with aquaponics,Ghandar A.; Ahmed A.; Zulfiqar S.; Hua Z.; Hanai M.; Theodoropoulos G.,2021,Scopus + WoS,10.1109/access.2021.3061722,E2,No supply chain scope,,,
R0335,Smart master production schedule for the supply chain: A conceptual framework,Serrano-Ruiz J.C.; Mula J.; Poler R.,2021,Scopus + WoS,10.3390/computers10120156,E4,Wrong publication type,alto,,
R0336,Understanding Data-Related Concepts in Smart Manufacturing and Supply Chain Through Text Mining,Nguyen A.; Usuga-Cadavid J.P.; Lamouri S.; Grabot B.; Pellerin R.,2021,Scopus,10.1007/978-3-030-69373-2_37,E4,Wrong publication type,bajo,,
R0337,"Technologies, opportunities and challenges of the industrial revolution 4.0: Theoretical considerations",Rymarczyk J.,2020,Scopus,10.15678/eber.2020.080110,E4,Wrong publication type,bajo,,
R0338,Construction with digital twin information systems,Sacks R.; Brilakis I.; Pikas E.; Xie H.S.; Girolami M.,2020,Scopus,10.1017/dce.2020.16,E2,No supply chain scope,,,
R0339,The Uncertain Enterprise: Achieving Adaptation Through Digital Twins and Machine Learning Extended Abstract,Clark T.,2020,Scopus,10.1007/978-3-030-63479-7_1,E5,Wrong publication type,,,
R0340,Creating transparency in the finished vehicles transportation process through the implementation of a real-time decision support system,Schenk A.; Clausen U.,2020,Scopus + WoS,10.1109/ieem45057.2020.9309978,E1,No digital twin/model,,,
R0341,Supporting SMEs in the Lake Constance Region in the Implementation of Cyber-Physical-Systems: Framework and Demonstrator,Dobler M.; Schumacher J.; Busel P.; Hartmann C.,2020,Scopus,10.1109/ice/itmc49519.2020.9198430,I,,,,Make
R0342,Cloud-Enabled Product Design Selection and Manufacturing as a Service,"Babiceanu, RF; Seker, R",2020,WoS,10.1007/978-3-030-27477-1_16,E1,No digital twin/model,,,
R0343,Industrial Internet of Things: Digital Twins,Delfino L.R.; Garcia A.S.; De Moura R.L.,2019,Scopus + WoS,10.1109/imoc43827.2019.9317591,E2,No supply chain scope,,,
R0344,Reference field for research and development of novel hybrid forms of human machine interaction in logistics; [Referenzfeld zur erforschung und entwicklung neuartiger hybrider formen der zusammenarbeit von menschen und maschinen in der logistik],Zeidler F.; Bayhan H.; Venkatapathy A.K.R.; Hompel M.T.,2017,Scopus,10.2195/lj_proc_zeidler_de_201710_01,E5,Not in English,,,
R0345,Human machine synergies in intra-logistics: Creating a hybrid network for research and technologies,Venkatapathy A.K.R.; Bayhan H.; Zeidler F.; Ten Hompel M.,2017,Scopus + WoS,10.15439/2017f253,E1,No digital twin/model,,,
R0346,Towards Predicting Blockages in Urban Stormwater Drainage Systems with Machine Learning,Krishantha A.; Ekambaram P.; Alam M.; Hossain I.; Huang M.; Aziz A.,2026,Scopus,10.22260/isarc2026/0198,E1,No digital twin/model,,,
R0347,Evaluation of the efficiency of air-cushion conveyor modernization through digital monitoring and modeling,Sarsenova G.; Uskembayeva B.; Joldassova K.; Alimova K.; Sultanaliev B.; Asset A.; Asset A.,2026,Scopus + WoS,10.1515/eng-2025-0146,I,,,,
R0348,Machine Learning for Predictive Maintenance: A Literature Review,Bernard F.S.; Gunawan F.E.,2026,Scopus,10.1007/978-3-032-10898-2_4,E4,Wrong publication type,bajo,,
R0349,Toward Explainable Digital Twins for Indoor Environmental Risk Prediction Using Open IoT Sensor Data,Hindasi Y.A.; Ilbeigi M.; Rezaei M.; mohammadjani F.Z.; Jahanshahi E.; Barjani A.; Yarloo L.,2026,Scopus,10.1016/j.rineng.2026.112313,E2,No supply chain scope,,,
R0350,Causal Digital Twin-Driven Emergency Material Demand Prediction for Post-Earthquake Disaster Management,Prakash N.B.; Senthil M.; Srinu N.,2026,Scopus,10.1109/icirca69024.2026.11570431,I,,,,
R0351,AI-Driven Optimization of Bio-Energy Systems: Models for Resource Assessment and Emission Reduction,Suhane S.; Katkar R.R.; Suhane S.; Sugumaran S.; Takale S.B.; Khetree S.D.; Thakur S.; Waware S.Y.; Kurhade A.S.,2026,Scopus,10.59429/ace.v9i1.5837,E4,Wrong publication type,medio,,
R0352,Green AI for climate-smart dairy and poultry: a tiered policy framework for computational sustainability,Neethirajan S.,2026,Scopus + WoS,10.3389/fsufs.2026.1766844,E4,Wrong publication type,bajo,,
R0353,AI-Powered Predictive Flight Maintenance,Haldar P.,2026,Scopus,10.1109/southeastcon63549.2026.11476176,E2,No supply chain scope,,,
R0354,"Securing Industrial Control Systems and SCADA Networks: Protocol Weaknesses, Standards, Emerging Defenses, and Future Research Directions",Jadeja K.; Gohil M.; Nahar T.; Vijay A.; Das V.,2026,Scopus,10.1007/978-3-032-19300-1_22,E4,Wrong publication type,bajo,,
R0355,How can Industry 5.0 transform operational excellence into a driver to achieve SDGs in Ibero-American countries?,"Jamwal, A; Kumar, A; Samadhiya, A; Mohapatra, AK; Garza-Reyes, JA",2026,WoS,10.1108/ijlss-09-2025-0267,E4,Wrong publication type,medio,,
R0356,"Cyber threat intelligence for smart grids using knowledge graphs, digital twins, and hybrid machine learning in SCADA networks",Al-Qirim N.; Majdalawieh M.; Bani-hani A.; Al Hamadi H.,2025,Scopus,10.1177/18479790251328183,E2,No supply chain scope,,,
R0357,Anomaly detection using machine learning and adopted digital twin concepts in radio environments,Moharam M.H.; Hany O.; Hany A.; Mahmoud A.; Mohamed M.; Saeed S.,2025,Scopus,10.1038/s41598-025-02759-5,E1,No digital twin/model,,,
R0358,Data-driven progress prediction in construction: a multi-project portfolio management approach,Tagharobi M.; Babaeian Jelodar M.; Susnjak T.,2025,Scopus,10.3389/fbuil.2025.1681156,E1,No digital twin/model,,,
R0359,Exploring the role of Artificial Intelligence in life-cycle-related studies,Pourhejazy P.; Solvang W.D.,2025,Scopus + WoS,10.1016/j.ifacol.2025.09.417,E4,Wrong publication type,bajo,,
R0360,DiGraph-Enabled Digital Twin and Label-Encoding Machine Learning for SCADA Network’s Cyber Attack Analysis in Industry 5.0,Al-Qirim N.; Bani-Hani A.; Majdalawieh M.; Al Hamadi H.; Kamrul Hasan M.,2025,Scopus,10.1109/ojcoms.2024.3502544,E2,No supply chain scope,,,
R0361,Systematic Review on Applied Technologies in Logistics to Improve Efficiency in the Textile Industry,López C.C.A.; Berrocal Y.I.H.; Correa M.N.M.,2025,Scopus,10.18687/laccei2025.1.1.487,E4,Wrong publication type,medio,,
R0362,"Circular buildings in focus: A comprehensive analysis of knowledge trends, priorities, and insights through performance and visualization analysis",Zyoud S.; Zyoud A.H.,2025,Scopus,10.1016/j.igd.2025.100300,E4,Wrong publication type,bajo,,
R0363,Digital Twins and Network Resilience in the EU ETS: Analysing Structural Shifts in Carbon Trading,Eirado C.R.R.; Silveira D.; Cajueiro D.O.,2025,Scopus,10.3390/su17156924,E1,No digital twin/model,,,
R0364,Industry 4.0 in Automotive Manufacturing: A Digital Twin Approach,Moussa M.; Abbas M.; Elmaraghy H.,2025,Scopus,10.1016/j.procir.2025.02.197,E2,No supply chain scope,,,
R0365,Predicting design suitability of box-shaped sustainable timber structural members using machine learning and hyperparameter optimization,Cosut M.; Bekdas G.; Nigdeli S.M.; Isikdag U.,2025,Scopus,10.1007/s00521-025-11556-0,E1,No digital twin/model,,,
R0366,Industry 4.0 technologies in support of circular Economy: A 10R-based integration framework,"Ciano, MP; Peron, M; Panza, L; Pozzi, R",2025,WoS,10.1016/j.cie.2025.110867,E4,Wrong publication type,bajo,,
R0367,"Staging digital capability activation for innovation resilience: a dynamic capability perspective on sequencing AI, big data, IoT and blockchain","Mousa, S; Bouraoui, T",2025,WoS,10.1108/ijoa-07-2025-5797,E1,No digital twin/model,,,
R0368,Optimizing Industrial System From Machine Learning to Digital Twin-Driven Predictive Maintenance,Ezzahra L.F.; Zineb H.; Ayoub F.; Monteiro F.; Abdoul R.; Abdennasser A.,2024,Scopus,10.1109/icm63406.2024.10815781,E1,No digital twin/model,,,
R0369,"Navigating the Digital Twin Network landscape: A survey on architecture, applications, privacy and security",Sai A.M.V.V.; Wang C.; Cai Z.; Li Y.,2024,Scopus + WoS,10.1016/j.hcc.2024.100269,E4,Wrong publication type,bajo,,
R0370,Study of the Soaking Process of a ready-to-eat rice of Assam (Komal Chaul): A Mechanistic and a Machine Learning Based Approach for spectra-based Estimation of Endpoint,Rizwana S.; Hazarika M.K.,2024,Scopus,10.1007/s11483-024-09852-8,E1,No digital twin/model,,,
R0371,A Hybrid Method Enabling Predictive Digital Twin during the Design Phase of Wind Turbines,Kandemir E.; Hasan A.; Kvamsdal T.; Alaliyat S.A.,2024,Scopus,10.1049/icp.2024.3773,E2,No supply chain scope,,,
R0372,Trust the Robot! Enabling Flexible Collaboration With Humans via Multi-Sensor Data Integration,"Guidolin, M; Berti, N; Gnesotto, P; Battini, D; Reggiani, M",2024,WoS,10.1109/etfa61755.2024.10710349,E1,No digital twin/model,,,
R0373,Modeling Risk Prioritization of a Manufacturing Supply Chain using Discrete Event Simulation,Chari A.; Marti S.; Johansson B.; Despeisse M.; Stahre J.; Lopes P.V.,2023,Scopus,10.1109/wsc60868.2023.10407643,E3,No AI/ML component,,alto,
R0374,Deep Neural Network for Operational Abnormality Detection for a Central Fill Pharmacy System,Yamin A.; Lam S.; Jin Y.C.,2023,Scopus,10.21872/2023iise_3213,E1,No digital twin/model,,,
R0375,3D-AmplifAI: An Ensemble Machine Learning Approach to Digital Twin Fault Monitoring for Additive Manufacturing in Smart Factories,Sampedro G.A.R.; Putra M.A.P.; Abisado M.,2023,Scopus,10.1109/access.2023.3289536,E2,No supply chain scope,,,
R0376,Selecting a Machine Learning Model to Optimize the Burner Digital Twin,Kovalnogov V.; Generalov D.; Fedorov R.; Sherkunov V.; Gladilin N.,2023,Scopus,10.1007/978-3-031-43792-2_22,E2,No supply chain scope,,,
R0377,Digital Twin-Based Automated Fault Diagnosis in Industrial IoT Applications,Alshathri S.; Hemdan E.E.-D.; El-Shafai W.; Sayed A.,2023,Scopus,10.32604/cmc.2023.034048,E2,No supply chain scope,,,
R0378,Challenges and Opportunities in Product Life Cycle Management in the Context of Industry 4.0,Ji X.; Abdoli S.,2023,Scopus,10.1016/j.procir.2023.04.002,E4,Wrong publication type,bajo,,
R0379,Digital Twin Based Learning Framework for Adaptive Fault Diagnosis In Microgrids with Autonomous Reconfiguration Capabilities,Runsewe T.; Yavuz A.; Celik N.,2023,Scopus,10.1109/wsc60868.2023.10408558,E2,No supply chain scope,,,
R0380,Digital Twins for Smart Home Gadget Threat Prediction using Deep Convolution Neural Network,Padmapriya V.; Srivenkatesh M.,2023,Scopus,10.14569/ijacsa.2023.0140270,E2,No supply chain scope,,,
R0381,Synthesis and Analysis of Avionics Functions Digital Twins Using Machine Learning Classification Algorithms,Trusova K.V.,2022,Scopus,10.1007/978-3-030-81119-8_1,E2,No supply chain scope,,,
R0382,Machine Learning Methods Application for the Avionics Systems Health Analysis and Faults Localization Challenges,Trusova K.V.,2021,Scopus,10.1007/978-3-030-58868-7_44,E2,No supply chain scope,,,
R0383,Sustainable Development of Smart Manufacturing Driven by the Digital Twin Framework: A Statistical Analysis,"Warke, V; Kumar, S; Bongale, A; Kotecha, K",2021,WoS,10.3390/su131810139,E4,Wrong publication type,medio,,
R0384,Decision-making in a fast fashion company in the Industry 4.0 era: a Digital Twin proposal to support operational planning,"dos Santos, CH; Gabriel, GT; do Amaral, JVS; Montevechi, JAB; de Queiroz, JA",2021,WoS,10.1007/s00170-021-07543-z,E2,No supply chain scope,,,
R0385,RECLAIM: Toward a New Era of Refurbishment and Remanufacturing of Industrial Equipment,"Zacharaki, A; Vafeiadis, T; Kolokas, N; Vaxevani, A; Xu, YC; Peschl, M; Ioannidis, D; Tzovaras, D",2021,WoS,10.3389/frai.2020.570562,E2,No supply chain scope,,,
R0386,Virtual Commissioning and Machine Learning of a Reconfigurable Assembly System,Zhang L.; Cai Z.Q.; Ghee L.J.,2020,Scopus,10.1109/iai50351.2020.9262158,E2,No supply chain scope,,,
R0387,How can smart technologies contribute to sustainable product lifecycle management?,"Liu, Y; Zhang, YF; Ren, S; Yang, MY; Wang, YT; Huisingh, D",2020,WoS,10.1016/j.jclepro.2019.119423,E4,Wrong publication type,bajo,,
R0388,DIGITAL TECHNOLOGY IN HIGHER EDUCATION: SITUATION ANALYSIS AND PROSPECTS ASSESSMENT (ON THE EXAMPLE OF KRASNOYARSK KRAI),"Efimov, V; Lapteva, A",2019,WoS,10.21125/inted.2019.1392,E1,No digital twin/model,,,
R0389,Digital twins for decision making in complex production and logistic enterprises,Kuehn W.,2018,Scopus,10.2495/dne-v13-n3-260-271,E3,No AI/ML component,,medio,
R0390,PUF modeling attacks on simulated and silicon data,Ruhrmair U.; Solter J.; Sehnke F.; Xu X.; Mahmoud A.; Stoyanova V.; Dror G.; Schmidhuber J.; Burleson W.; Devadas S.,2013,Scopus,10.1109/tifs.2013.2279798,E1,No digital twin/model,,,
R0391,"Rechargeable Batteries for Grid-Scale Energy Storage: Technologies, Performance, and Emerging Directions",Pinoski L.; Latos B.; Marigny D.; Jensen T.; Reyes A.D.L.; Helwig B.; Menezes P.L.,2026,Scopus + WoS,10.3390/batteries12070264,E4,Wrong publication type,bajo,,
R0392,AAOSC: Adaptive agent-oriented system control,Mansouri S.S.; Reuthe E.; Boskabadi M.R.; Savoie C.J.,2026,Scopus + WoS,10.1016/j.coche.2026.101253,E4,Wrong publication type,medio,,
R0393,"Digital assisted hydrogen supply chain optimization: a bibliometric and thematic review of methods, trends, and future directions",Karmakar A.; Shahriar Hossain M.A.; Hasan Emon M.F.; Yeassin R.; Arefin M.E.; Chakma B.,2026,Scopus + WoS,10.1016/j.ecmx.2026.102111,E4,Wrong publication type,bajo,,
R0394,Optimization Techniques for Improving Economic Profitability Through Supply Chain Processes: A Systematic Literature Review,Jarquin-Segovia R.; Marmolejo-Saucedo J.A.,2026,Scopus + WoS,10.3390/math14010185,E4,Wrong publication type,bajo,,
R0395,"Autonomous Supply Chains: Integrating Artificial Intelligence, Digital Twins, and Predictive Analytics for Intelligent Decision Systems",Shamsuddoha M.; Zimmerman H.; Nasir T.; Sakib M.N.,2026,Scopus + WoS,10.3390/info17040371,E4,Wrong publication type,alto,,
R0396,The role of artificial intelligence in enhancing non-invasive quality monitoring in fresh food products supply chains: A comprehensive review,Mao Y.; Zhang M.; Law C.L.; Rui L.,2026,Scopus + WoS,10.1016/j.foodres.2026.118927,E4,Wrong publication type,bajo,,
R0397,Leveraging AI to Build Agile and Resilient Healthcare Supply Chains for Sustainable Performance: A Systematic Scoping Review and Future Directions,Thiyagarajan S.; Cudney E.A.; Chimmani P.; D’silva L.H.; Laux C.M.,2026,Scopus + WoS,10.3390/su18031434,E4,Wrong publication type,medio,,
R0398,Next-generation fresh livestock meat supply chains driven by industry 5.0: Towards the integration of ultra-long shelf life and intelligent quality perception,Mao Y.; Zhang M.; Law C.L.; Rui L.,2026,Scopus + WoS,10.1016/j.tifs.2026.105817,E4,Wrong publication type,medio,,
R0399,Logistics 5.0: systematic literature review and future trends,Cakir O.E.; Mukul E.; Goker N.,2026,Scopus,10.1108/lore-09-2025-0116,E4,Wrong publication type,medio,,
R0400,A Scientometric Review of IoT-Driven Digital Transformation in the Oil and Gas Industry,Malik V.; Bhatia M.,2026,Scopus + WoS,10.1109/jiot.2026.3695577,E4,Wrong publication type,bajo,,
R0401,"Industrial digital twin for intelligent manufacturing: Key technologies, core challenges, applications, and forward-looking trends",Meng W.; Li S.; Gao R.; Yue Z.; Tu Z.; Chu D.,2026,Scopus + WoS,10.1016/j.rcim.2026.103321,E4,Wrong publication type,medio,,
R0402,The AI revolution in sustainable food processing: From process optimization to a circular bioeconomy,Zaidi A.A.; Jilani A.; Asif M.; Khan A.L.; Khan S.Z.,2026,Scopus + WoS,10.1016/j.fbp.2026.05.013,E4,Wrong publication type,bajo,,
R0403,Operational AI for Multimodal Urban Transport: A Systematic Literature Review and Deployment Framework for Multi-Objective Control and Electrification,Deligiannis A.; Madas M.,2026,Scopus + WoS,10.3390/logistics10020029,E4,Wrong publication type,medio,,
R0404,"Transforming Food Systems with Artificial Intelligence: Challenges, Governance, and Pathways for Sustainable Integration",Ahmad A.; Murad M.; Utra U.; Yussof N.S.; Fazial F.F.; Lazim A.; Fazry S.; Law D.,2026,Scopus + WoS,10.1080/87559129.2025.2585134,E4,Wrong publication type,bajo,,
R0405,How Far from the Shore? Federated Maritime Intelligence for Autonomous Ship and Harbor Maneuvering,Miller T.; Durlik I.,2026,Scopus + WoS,10.3390/app16126210,E4,Wrong publication type,medio,,
R0406,Optimizing Biomass Feedstock Logistics Using AI for Integrated Multimodal Transport in Bioenergy and Bioproduct Systems: A Review,Gonzalez J.; Wang J.,2026,Scopus + WoS,10.3390/logistics10030054,E4,Wrong publication type,medio,,
R0407,"The science-governed interface: a critical review of advanced metallization, intelligent control and characterization strategies for wire bonding technology",Zulkifli M.N.,2026,Scopus + WoS,10.1108/mi-02-2026-0046,E4,Wrong publication type,bajo,,
R0408,"A Systematic Review of Advances, Challenges, and Optimization Strategies in Maintenance Logistics for Airside Operations",Dorgham M.J.M.; Kayvanfar V.; Baldacci R.,2026,Scopus + WoS,10.1109/access.2026.3651544,E4,Wrong publication type,medio,,
R0409,"Next-Generation Composite Materials and Manufacturing: A Review of Smart, Sustainable, and Digital Advancements",Slamani M.; Louhichi B.; Amroune S.; Jawaid M.,2026,Scopus + WoS,10.1002/admt.202501409,E4,Wrong publication type,bajo,,
R0410,Quantum Computing as a Disruptive Technology: Implications for Advanced Manufacturing and Industry 5.0,Salawu G.; Glen B.,2026,Scopus + WoS,10.3390/app16104856,E4,Wrong publication type,bajo,,
R0411,Intelligent label systems in fresh food supply chain: from single-function to multi-parameter integration,Zeng F.; Zhang M.; Law C.L.; Rui L.,2026,Scopus + WoS,10.1016/j.tifs.2026.105670,E4,Wrong publication type,bajo,,
R0412,Enhancing Circularity in the Building Industry: A Review of Material Passports and Digital Twin Technologies,Ahmadi L.; Bilal M.; Olumo A.; Mollaei A.; Jalaei F.; Ebrahimi N.; Mozaffari H.; Kim J.; Haas C.,2026,Scopus + WoS,10.1061/jcemd4.coeng-16899,E4,Wrong publication type,bajo,,
R0413,AI-Driven Strategies for Supply Chain Resilience: A Review of Challenges and Solutions During Pandemics,Salehi A.; Babaei A.; Hamidi H.,2026,Scopus + WoS,10.5829/ije.2026.39.03c.03,E4,Wrong publication type,medio,,
R0414,"Optimising ICU supply chains: Evidence-based strategies for efficiency, resilience and patient safety—a structured narrative review",Hasmee N.; Joshi H.; Gurung M.; Singh B.; Naseema S.,2026,Scopus + WoS,10.1136/bmjoq-2025-003422,E4,Wrong publication type,medio,,
R0415,A systematic analysis of generative artificial intelligence for supply chain transformation,Bahroun Z.; Saihi A.; As'ad R.; Tanash M.,2026,Scopus + WoS,10.1016/j.sca.2025.100188,E4,Wrong publication type,alto,,
R0416,Automation and Sustainability—The Impact of AI on Energy Consumption and Other Key Features of Industry 4.0/5.0 Technologies,Rojek I.; Dostatni E.; Kopowski J.; Lewandowski J.; Mikołajewski D.,2026,Scopus + WoS,10.3390/app16052550,E4,Wrong publication type,bajo,,
R0417,"Ultra-long shelf-life strategies for fresh edible mushrooms in next-generation supply chains: Precision sensing, shelf-life prediction, and coordinated control",Xiao Y.; Zhang M.; Shi H.; Chen Y.,2026,Scopus + WoS,10.1016/j.fbio.2026.109305,E4,Wrong publication type,bajo,,
R0418,Advanced Ceramics in Aerospace and Defense: The Interrelationship between Traditional and Additive Manufacturing Approaches,Shvydyuk K.O.; Lanceros-Mendez S.; Silva A.P.,2026,Scopus + WoS,10.1002/admt.202501012,E4,Wrong publication type,bajo,,
R0419,"Digital intelligence agri-food supply chain—tripartite breakthrough in harvest optimization, postharvest preservation, and stakeholder synergy",Li X.; Zhou H.; Yu R.; Li J.; Xue L.; Ma Y.,2026,Scopus + WoS,10.1007/s11694-026-04680-5,E4,Wrong publication type,bajo,,
R0420,Toward Standards-Compliant Dynamic Life Cycle Assessment: Harnessing Digital Innovations for Climate and Regulatory Alignment,Sajawal Akhtar M.; Gómez F.R.; Pandit A.; Mahmood H.; Khan M.A.; Liu J.,2026,Scopus + WoS,10.1021/acssuschemeng.5c10525,E4,Wrong publication type,bajo,,
R0421,AI-enhanced Digital Twin systems for warehouse logistics optimization: A review of challenges with solutions and future directions,Alam M.M.; Ugli R.A.N.; Tanha K.J.; Jun T.,2026,Scopus + WoS,10.1016/j.icte.2026.01.009,E4,Wrong publication type,alto,,
R0422,The integration of Artificial Intelligence in seaports' smart gate processes: Evidence based on a systematic literature review,Teixeira P.; Lopes R.B.; Teixeira L.,2026,Scopus + WoS,10.1016/j.rineng.2025.108919,E4,Wrong publication type,medio,,
R0423,Digital innovation integration into biotechnology for development of sustainable protein frontiers for poultry nutrition in a circular bioeconomy,Keohavong B.,2026,Scopus + WoS,10.1016/j.psj.2025.106276,E4,Wrong publication type,bajo,,
R0424,Next-generation super-drying technologies for aquatic foods in the context of industry 5.0: A review,Zheng W.; Zhang M.; Zhan F.,2026,Scopus + WoS,10.1016/j.foodres.2026.119857,E4,Wrong publication type,bajo,,
R0425,"Sustainable supply chain management in Industry 4.0: A review, research gaps, and conceptual framework",Gomaa A.H.,2026,Scopus,10.3934/ctr.2026007,E4,Wrong publication type,bajo,,
R0426,Resilient and Intelligent Supply Chains: Advances and Challenges in AI-Driven Optimization and Forecasting,Itu A.,2026,Scopus + WoS,10.3390/app16094285,E4,Wrong publication type,alto,,
R0427,Clean and Smart Energy Technologies for Agricultural Energy Internet Systems: A Comprehensive Review and Future Perspectives,Wu Y.; Fu X.,2026,Scopus + WoS,10.3390/app16104859,E4,Wrong publication type,bajo,,
R0428,"Smart cold chain logistics for fresh agricultural products: key technologies, challenges, and future trends",Han J.; Sun C.; Ji Z.; Yang X.,2026,Scopus + WoS,10.1016/j.tifs.2025.105421,E4,Wrong publication type,medio,,
R0429,"Additive Manufacturing at the Crossroads: Costs, Sustainability, and Global Adoption",Mohammadkamal H.; Zinatlou Ajabshir S.; Mostafaei A.,2026,Scopus,10.3390/jmmp10010005,E4,Wrong publication type,bajo,,
R0430,Advancing digital depth: AI-enhanced 3D reconstruction for post-harvest food supply chain quality management,Ren Y.; Lei T.; Meng W.; Sun D.-W.; Argyropoulos D.,2026,Scopus + WoS,10.1016/j.postharvbio.2026.114329,E4,Wrong publication type,bajo,,
R0431,Blockchain-Empowered Federated Learning Applications in Smart Manufacturing: A Literature Review,Khan Md.I.; Farahani M.; Wuest T.,2026,Scopus + WoS,10.1115/1.4071613,E4,Wrong publication type,bajo,,
R0432,Digital technology Adaption in the hydrogen economy: A literature review,Liu K.; Shao Z.,2026,Scopus + WoS,10.1016/j.ijhydene.2025.152687,E4,Wrong publication type,bajo,,
R0433,Advances in AI-enabled digital integration for geographical origin authenticity of staple crops: Omics-based molecular and elemental strategies,Tian X.; Wang D.; Yang Y.; Ma C.; Xu Y.; Xu X.; Zhang G.; Wang B.; Wang J.; Tan B.; Liu Y.; Zhang N.; Zhong Q.,2026,Scopus,10.1016/j.tifs.2026.105794,E4,Wrong publication type,bajo,,
R0434,Enhancing Food Safety and Traceability: The Contribution of Smart Technologies in the Contemporary Food Sector,Tyagi K.; Kohli V.; Sikka K.; Kumari M.,2026,Scopus + WoS,10.1080/87559129.2026.2670674,E4,Wrong publication type,medio,,
R0435,Industry 4.0 in olive farming and oil production: A comprehensive review of technologies and trends,Trabelsi N.; Rejeb A.; Couris S.; Bhat Z.F.; Mhlanga D.; Hassoun A.,2026,Scopus,10.1016/j.jafr.2026.103209,E4,Wrong publication type,bajo,,
R0436,Artificial Intelligence and Machine Learning Applications in Hydrogen-blend Natural Gas Pipeline Transportation,Srivastava D.; Arya A.K.,2026,Scopus,10.2174/0124055204491442260603053018,E4,Wrong publication type,bajo,,
R0437,"Digital twin-centered food safety management systems: A review of IoT, AI, and blockchain integration for bacterial pathogen control",Ismail B.B.; Abba A.H.; Sanka A.I.; Muhammad A.I.; Wang W.; Liu D.,2026,Scopus + WoS,10.1016/j.foodres.2026.119449,E4,Wrong publication type,medio,,
R0438,"Digital twin technology in AI-operated metaverse for food processing: A pathway to sustainability, efficiency and innovation",İnanlar B.; Altay F.,2026,Scopus + WoS,10.1016/j.tifs.2025.105491,E4,Wrong publication type,medio,,
R0439,Artificial Intelligence and BIM-Enabled Smart Construction Site Management: A Systematic Review of Site-Level Spatial Decision-Making and Site Layout Optimization-Related Applications for Sustainable Building Delivery,Fakhruddin Z.; Ahmed V.; Bahroun Z.,2026,Scopus + WoS,10.3390/smartcities9070112,E4,Wrong publication type,bajo,,
R0440,"Digitalisation of Shipyard Production Planning: A Review of Simulation, Optimisation, AI, and Digital Twin Methods (2010-2025)","Bordbar, A; Tadros, M; Nazemian, A; Aung, MZ; Georgoulas, K; Louvros, P; Boulougouris, E",2026,WoS,10.3390/jmse14040396,E4,Wrong publication type,medio,,
R0441,Transforming Conventional Pharmaceutical Manufacturing to Green and Sustainable Manufacturing by the Impact of Flow Chemistry and Industry 4.0 Technologies,"Bhattacharyya, M; Kar, K; Chowdhury, S; Chakraborty, P",2026,WoS,10.2174/0122133461427918251208191454,E4,Wrong publication type,bajo,,
R0442,AI-integrated multisensory platforms for real-time monitoring of postharvest physiological changes in horticultural crops,"Abdulraheem, MI; Fawole, OA",2026,WoS,10.1039/d6fb00177g,E4,Wrong publication type,bajo,,
R0443,Navigating the digital frontier: challenges and opportunities in sustainable manufacturing through digitalization,"Kohar, UHA; Sikandar, H; Khan, N; Indiran, L",2026,WoS,10.1108/fs-09-2024-0164,E4,Wrong publication type,bajo,,
R0444,"A Review of AI-Driven Engineering Modelling and Optimization: Methodologies, Applications and Future Directions","Li, JP; Polovina, N; Konur, S",2026,WoS,10.3390/a19020093,E4,Wrong publication type,bajo,,
R0445,"AI-driven grain storage solutions: Exploring current technologies, applications, and future trends",Anukiruthika T.; Jayas D.S.,2025,Scopus + WoS,10.1016/j.jspr.2025.102588,E4,Wrong publication type,bajo,,
R0446,Integrating industry 4.0 for enhanced sustainability: Pathways and prospects,Khan M.I.; Yasmeen T.; Khan M.; Hadi N.U.; Asif M.; Farooq M.; Al-Ghamdi S.G.,2025,Scopus + WoS,10.1016/j.spc.2024.12.012,E4,Wrong publication type,bajo,,
R0447,Industry 5.0 and Human-Centered Energy System: A Comprehensive Review with Socio-Economic Viewpoints,Hu J.-L.; Li Y.; Chew J.-C.,2025,Scopus,10.3390/en18092345,E4,Wrong publication type,bajo,,
R0448,"Modern smart sensing technologies in the fruit supply chain: contributions, challenges, and future prospects",Yue Y.; Zhang Q.; Ma G.; Wan F.; Huang X.; Peng L.,2025,Scopus + WoS,10.1016/j.tifs.2025.105108,E4,Wrong publication type,bajo,,
R0449,A comprehensive bibliometric review of digitalization impacts on supply chain risk management,Ghanbari H.; Shabani M.; Mohammadi E.; Seiti H.,2025,Scopus + WoS,10.1016/j.sca.2025.100165,E4,Wrong publication type,bajo,,
R0450,Towards Smart and Sustainable Last Mile Delivery Systems: A Scoping Review and Conceptual Framework,Moufad I.; Frichi Y.; Jawab F.; Mkhalfi J.,2025,Scopus + WoS,10.3390/su172411270,E4,Wrong publication type,medio,,
R0451,AI-Driven Digital Twins in Industrialized Offsite Construction: A Systematic Review,Najafzadeh M.; Yeganeh A.,2025,Scopus + WoS,10.3390/buildings15172997,E4,Wrong publication type,medio,,
R0452,Synergies of Industry 5.0 paradigms: Unraveling the dynamics of operational management for supply chains excellence,Hajjem O.; Zekhnini K.; Hamani N.,2025,Scopus + WoS,10.1016/j.sftr.2025.101498,E4,Wrong publication type,medio,,
R0453,Transforming Agrifood Supply Chains with Digital Technologies: a Systematic Review of Safety and Quality Risk Management,Plakantara S.P.; Karakitsiou A.,2025,Scopus,10.1007/s43069-025-00511-3,E4,Wrong publication type,medio,,
R0454,Exploring fruit mechanical injury mechanisms: a review of numerical simulation techniques in the whole supply chain,Gao S.; Huang X.; Li Z.; Zhang X.; Yuan Z.; El-Mesery H.S.; Shi J.; Zou X.,2025,Scopus + WoS,10.1016/j.compag.2025.110998,E4,Wrong publication type,bajo,,
R0455,Digitalisation in the Context of Industry 4.0 and Industry 5.0: A Bibliometric Literature Review and Visualisation,Buri Z.; T. Kiss J.,2025,Scopus + WoS,10.3390/asi8050137,E4,Wrong publication type,medio,,
R0456,Transforming business management practices through metaverse technologies: A Machine Learning approach,Raman R.; Mandal S.; Gunasekaran A.; Papadopoulos T.; Nedungadi P.,2025,Scopus,10.1016/j.jjimei.2025.100335,E4,Wrong publication type,bajo,,
R0457,2025 photonics for agrifood roadmap: towards a sustainable and healthier planet,Smeesters L.; Venturini F.; Paulus S.; Mahlein A.-K.; Perpetuini D.; Cardone D.; Merla A.; Gac B.; Perrin S.; Trégoat D.; Poffo L.; Fournier A.; Bonifazi G.; Serranti S.; Liao W.; Osseiran N.; Vanwolleghem M.; Peretti R.; Bandyopadhyay A.; Bertling K.; Parameswaran K.; Rákic A.D.; Sengupta A.; Svanberg S.; Kujawinska M.; Cozzolino D.; Pérez Marín D.; Entrenas de León J.A.; Torres Rodríguez I.; Fodor M.; Benes E.; Matkovits A.; Jókai Z.; Cristescu S.M.; Khodabakhsh A.; Jahromi K.; Nematollahi M.; Harren F.H.; Rokx E.; Sikorska E.; Sowoidnich K.; Maiwald M.; Sumpf B.; Roussey M.; Peiponen K.-E.; Femenias A.; Fomina P.; Kokoric V.; Stach R.; Mizaikoff B.; Konstantaki M.; Pissadakis S.; Michelucci U.; Paśko S.; Pakuła A.; Crocombe R.A.; Miseo E.V.; Liapis A.C.; Ahmed F.; Sun Z.; Chandrinou C.; Chatzipetrou M.; Zergioti I.; Trog U.; Haase A.; Smolka M.; Oosterveld L.; Van Hoof C.; Müller A.; Hlavatsch M.; Bajrami D.; Olvera-Gonzalez E.; Escalante-Garcia N.; Soro A.B.; Van Hoorde K.; Tiwari B.K.; Westerhoff T.; Kneissl M.; Mignani A.G.,2025,Scopus + WoS,10.1088/2515-7647/adbea9,E4,Wrong publication type,bajo,,
R0458,A comprehensive review of biomass and biofuels and their progress using digital technologies,Yeassin R.; Rashid Adnan M.M.; Ahmed Chowdhury M.M.; Mia A.; Jawad Chowdhury Enan M.A.; Fuad M.H.,2025,Scopus + WoS,10.1016/j.ecmx.2025.101254,E4,Wrong publication type,bajo,,
R0459,Unlocking the Commercialization of SAF Through Integration of Industry 4.0: A Technological Perspective,Ebrahimi S.; Chen J.; Bridgelall R.; Szmerekovsky J.; Motwani J.,2025,Scopus + WoS,10.3390/su17167325,E4,Wrong publication type,bajo,,
R0460,"Luminescence-based techniques to monitor pre-, post-harvest and processing changes in fresh produce and derivatives: Principles, applications and trends",Singh M.; Wang K.; Chen C.; Corradini M.G.,2025,Scopus + WoS,10.1016/j.tifs.2025.105077,E4,Wrong publication type,bajo,,
R0461,Smart technology for public health: reshaping the future of food safety,Liberty J.T.; Bromage S.; Peter E.; Ihedioha O.C.; Alsalman F.B.; Odogwu T.S.,2025,Scopus,10.1016/j.foodcont.2025.111378,E4,Wrong publication type,medio,,
R0462,A Systematic Literature Review on the Application of Industry 4.0 Technologies in Manufacturing Supply Chain Planning Phase,Selepe R.L.; Makinde O.; Munyai T.,2025,Scopus,10.22034/ijsom.2025.110610.3259,E4,Wrong publication type,medio,,
R0463,Intelligent Maritime Shipping: A Bibliometric Analysis of Internet Technologies and Automated Port Infrastructure Applications,Zou Y.; Xiao G.; Li Q.; Biancardo S.A.,2025,Scopus + WoS,10.3390/jmse13050979,E4,Wrong publication type,medio,,
R0464,Challenges and future perspectives in postharvest cold storage: technological review on sustainable and efficient cold storage of fresh produce,Hoffmann T.G.; de Souza C.K.; Sonawane A.D.; Praeger U.; Büchele F.; Neuwald D.A.; Jedermann R.; Linke M.; Sturm B.; Mahajan P.V.,2025,Scopus + WoS,10.1016/j.foodres.2025.117406,E4,Wrong publication type,bajo,,
R0465,Preface — Special Issue: Simulation in the AI Era — Advancing Complex Problem Solving,Li H.; Luo J.; Xu J.; Zhang X.,2025,Scopus,10.1142/s0217595925020026,E4,Wrong publication type,bajo,,
R0466,Machine Learning in Reverse Logistics: A Systematic Literature Review,Silva A.F.S.D.; Moris V.A.D.S.; Silva J.E.A.R.D.; Voltarelli M.A.; Sigahi T.F.A.C.,2025,Scopus + WoS,10.3390/a18100650,E4,Wrong publication type,medio,,
R0467,Mapping the role of industry 4.0 technologies in green supply chain management: a bibliometric and structured text analysis,Challouf K.; Alhloul A.; Nemeth N.,2025,Scopus + WoS,10.1007/s43621-025-01827-0,E4,Wrong publication type,bajo,,
R0468,"Supply Chain Resilience: A Critical Review of Risk Mitigation, Robust Optimisation, and Technological Solutions and Future Research Directions",Hosseini Shekarabi S.A.; Kiani Mavi R.; Romero Macau F.,2025,Scopus,10.1007/s40171-025-00458-8,E4,Wrong publication type,medio,,
R0469,Unlocking the Potential of Mass Customization Through Industry 4.0: Mapping Research Streams and Future Directions,Naldi L.D.; Galizia F.G.; Bortolini M.; Gabellini M.; Ferrari E.,2025,Scopus + WoS,10.3390/app15137160,E4,Wrong publication type,bajo,,
R0470,APPLICATION OF MATHEMATICAL MODELING IN SUPPLY CHAIN MANAGEMENT: A REVIEW,Dawi N.B.M.; Akhtar M.; Namazi H.,2025,Scopus + WoS,10.1142/s0218348x25300077,E4,Wrong publication type,medio,,
R0471,The Implications of Digitalization in Logistics after COVID-19,Claran Santhiyagu A.; Vengadesh S.; Rajan Chinna P.,2025,Scopus,10.47857/irjms.2025.v06i01.02336,E4,Wrong publication type,bajo,,
R0472,Non-Destructive Testing for Conveyor Belt Monitoring and Diagnostics: A Review,Rzeszowska A.; Błażej R.; Jurdziak L.,2025,Scopus + WoS,10.3390/app152413272,E4,Wrong publication type,bajo,,
R0473,Barriers to Visibility in Supply Chains: Challenges and Opportunities of Artificial Intelligence Driven by Industry 4.0 Technologies,Delgado F.; Garrido S.; Bezerra B.S.,2025,Scopus + WoS,10.3390/su17072998,E4,Wrong publication type,bajo,,
R0474,Application of Digital Twin Technology in Smart Agriculture: A Bibliometric Review,Gund R.; Badgujar C.M.; Samiappan S.; Jagadamma S.,2025,Scopus + WoS,10.3390/agriculture15171799,E4,Wrong publication type,bajo,,
R0475,Industry 4.0-driven digital transformation for resilient aerospace supply chains: a comprehensive review,Hu C.; Zhou T.; Zhou D.; Chen J.,2025,Scopus + WoS,10.1108/aeat-08-2025-0291,E4,Wrong publication type,medio,,
R0476,Product lifecycle management: what sectors and what technologies used? A systematic literature review,"Aberkane, MS; Otman, A",2025,WoS,10.1007/s43621-025-01267-w,E4,Wrong publication type,bajo,,
R0477,A comprehensive review of simulation optimization methods in agricultural supply chains and transition towards an agent-based intelligent digital framework for agriculture 4.0,"Shadkam, E; Irannezhad, E",2025,WoS,10.1016/j.engappai.2024.109930,E4,Wrong publication type,alto,,
R0478,Value creation in parcel delivery: A systematic literature review and research agenda,"Almazrouei, W; Demir, E",2025,WoS,10.1016/j.sftr.2025.101557,E4,Wrong publication type,bajo,,
R0479,"Outlook on human-centred design in industry 5.0: towards mass customisation, personalisation, co-creation, and co-production","Hasani, N; Hosseini, A; Ashjazadeh, Y; Diederichs, V; Ghotb, S; Riggio, M; Hansen, E; Nasir, V",2025,WoS,10.1080/19397038.2025.2486343,E4,Wrong publication type,bajo,,
R0480,Emerging Technologies in Pharmaceutical Supply Chains: a Comprehensive Analysis of Findings and Implications,Alsakhen I.F.; Buics L.; Süle E.,2024,Scopus,10.3303/cet24114136,E4,Wrong publication type,medio,,
R0481,Visual early warning and prediction of fresh food quality deterioration: Research progress and application in supply chain,Qiao J.; Zhang M.; Qiu L.; Mujumdar A.S.; Ma Y.,2024,Scopus + WoS,10.1016/j.fbio.2024.103671,E4,Wrong publication type,medio,,
R0482,From farm to market: Research progress and application prospects of artificial intelligence in the frozen fruits and vegetables supply chain,Zhang L.; Zhang M.; Mujumdar A.S.; Chen Y.,2024,Scopus + WoS,10.1016/j.tifs.2024.104730,E4,Wrong publication type,bajo,,
R0483,Transforming plant-based waste and by-products into valuable products using various “Food Industry 4.0” enabling technologies: A literature review,Aït-Kaddour A.; Hassoun A.; Tarchi I.; Loudiyi M.; Boukria O.; Cahyana Y.; Ozogul F.; Khwaldia K.,2024,Scopus,10.1016/j.scitotenv.2024.176872,E4,Wrong publication type,bajo,,
R0484,Circular bioeconomy in carbon footprint components of nonthermal processing technologies towards sustainable food system: A review,Bains A.; Sridhar K.; Dhull S.B.; Chawla P.; Sharma M.; Sarangi P.K.; Gupta V.K.,2024,Scopus + WoS,10.1016/j.tifs.2024.104520,E4,Wrong publication type,bajo,,
R0485,Simulation Methods and Digital Strategies for Supply Chains Facing Disruptions: Insights from a Systematic Literature Review,Korder B.; Maheut J.; Konle M.,2024,Scopus + WoS,10.3390/su16145957,E4,Wrong publication type,medio,,
R0486,From Reality to Virtuality: Revolutionizing Livestock Farming Through Digital Twins,Arulmozhi E.; Deb N.C.; Tamrakar N.; Kang D.Y.; Kang M.Y.; Kook J.; Basak J.K.; Kim H.T.,2024,Scopus + WoS,10.3390/agriculture14122231,E4,Wrong publication type,bajo,,
R0487,Applications of Artificial Intelligence for Smart Conveyor Belt Monitoring Systems: A Comprehensive Review,Mahmood M.S.; Shareef I.R.,2024,Scopus,10.18280/jesa.570426,E4,Wrong publication type,bajo,,
R0488,"Generative artificial intelligence in the agri-food value chain - overview, potential, and research challenges","Krupitzer, C",2024,WoS,10.3389/frfst.2024.1473357,E4,Wrong publication type,bajo,,
R0489,"Convergence of Distributed Ledger Technologies with Digital Twins, IoT, and AI for fresh food logistics: Challenges and opportunities",Vilas-Boas J.L.; Rodrigues J.J.P.C.; Alberti A.M.,2023,Scopus + WoS,10.1016/j.jii.2022.100393,E4,Wrong publication type,alto,,
R0490,The Role of AI in Warehouse Digital Twins: Literature Review †,Drissi Elbouzidi A.; Ait El Cadi A.; Pellerin R.; Lamouri S.; Tobon Valencia E.; Bélanger M.-J.,2023,Scopus + WoS,10.3390/app13116746,E4,Wrong publication type,alto,,
R0491,Digital transformation in the agri-food industry: recent applications and the role of the COVID-19 pandemic,Hassoun A.; Marvin H.J.P.; Bouzembrak Y.; Barba F.J.; Castagnini J.M.; Pallarés N.; Rabail R.; Aadil R.M.; Bangar S.P.; Bhat R.; Cropotova J.; Maqsood S.; Regenstein J.M.,2023,Scopus,10.3389/fsufs.2023.1217813,E4,Wrong publication type,bajo,,
R0492,Digital twin-enabled prefabrication supply chain for smart construction and carbon emissions evaluation in building projects,Yevu S.K.; Owusu E.K.; Chan A.P.C.; Sepasgozar S.M.E.; Kamat V.R.,2023,Scopus + WoS,10.1016/j.jobe.2023.107598,E4,Wrong publication type,medio,,
R0493,The Impact of Industry 4.0 Technologies on Key Performance Indicators for a Resilient Supply Chain 4.0,Marinagi C.; Reklitis P.; Trivellas P.; Sakas D.,2023,Scopus + WoS,10.3390/su15065185,E4,Wrong publication type,bajo,,
R0494,The Application of Artificial Intelligence and Big Data in the Food Industry,"Ding, HH; Tian, JW; Yu, W; Wilson, DI; Young, BR; Cui, XH; Xin, X; Wang, ZY; Li, W",2023,WoS,10.3390/foods12244511,E4,Wrong publication type,bajo,,
R0495,Industry 4.0 technologies as enablers of collaboration in circular supply chains: a systematic literature review,Gebhardt M.; Kopyto M.; Birkel H.; Hartmann E.,2022,Scopus + WoS,10.1080/00207543.2021.1999521,E4,Wrong publication type,bajo,,
R0496,Toward Better Food Security Using Concepts from Industry 5.0,Guruswamy S.; Pojić M.; Subramanian J.; Mastilović J.; Sarang S.; Subbanagounder A.; Stojanović G.; Jeoti V.,2022,Scopus + WoS,10.3390/s22218377,E4,Wrong publication type,bajo,,
R0497,Digital Twin Integrated Reinforced Learning in Supply Chain and Logistics,Abideen A.Z.; Sundram V.P.K.; Pyeman J.; Othman A.K.; Sorooshian S.,2021,Scopus + WoS,10.3390/logistics5040084,E4,Wrong publication type,alto,,
R0498,Industry 4.0 Technologies for Manufacturing Sustainability: A Systematic Review and Future Research Directions,"Jamwal, A; Agrawal, R; Sharma, M; Giallanza, A",2021,WoS,10.3390/app11125725,E4,Wrong publication type,bajo,,
R0499,Getting value from artificial intelligence in agriculture,Smith M.J.,2019,Scopus + WoS,10.1071/an18522,E4,Wrong publication type,bajo,,
R0500,Integrating Large Language Models and Digital Twins in Manufacturing: Opportunities and Challenges for Production Logistics and Assembly Environments,Jeong Y.; Kober C.; Fette M.,2026,Scopus,10.1007/978-3-032-03515-8_36,I,,,,Make
R0501,A generalized concept of a decision-support system for responses to tariff-induced uncertainty and disruptions,Ivanov D.,2026,Scopus + WoS,10.1007/s10479-026-07303-w,E1,No digital twin/model,,,
R0502,Cloud-Enabled Data-Driven Performance and Digital Transformation Strategies for Sustainable Business and Workforce Management,Vulapula S.R.; PramodKumar P.; Thatikonda R.; Saturi R.,2026,Scopus,10.1109/icicds70526.2026.11604944,E1,No digital twin/model,,,
R0503,Digital Twin and Artificial Intelligence Technologies to Assess the Type IA Endoleak,Cho S.; Kim H.; Joh J.,2026,Scopus,10.3390/bioengineering13010001,E2,No supply chain scope,,,
R0504,"Empowering Digital Twins With Agentic AI: Applications, Case Studies, and Limitations",Goyal I.; Sai S.; Pabbati M.; Chamola V.; Ranjan V.,2026,Scopus,10.1109/mcomstd.2026.3669229,E2,No supply chain scope,,,
R0505,Generalizable deep sequence models for 4D trajectory prediction of tower crane loads,Kazemi M.H.; Hu Y.; Wu Y.; Messner J.I.; Miller S.R.,2026,Scopus,10.1016/j.autcon.2025.106696,E2,No supply chain scope,,,
R0506,Bridging the digital divide in the pharmaceutical industry: A future research agenda,Miozza M.; Lombardo S.M.; Galvagno M.; Magni L.,2026,Scopus,10.1016/j.socscimed.2025.118832,E4,Wrong publication type,bajo,,
R0507,Computational Modeling for Mortality Prediction in Medical Sciences Based on a Proto-Digital Twin Framework,Leiva V.; Martin-Barreiro C.; Giampaoli V.,2026,Scopus,10.32604/cmes.2026.074800,E2,No supply chain scope,,,
R0508,Digital Representations in IoT: Cryptographic Tools for Improved Security,Adilzhanova S.; Rakhysh A.; Kunelbayev M.; Sybanova D.; Amirkhanova G.,2026,Scopus,10.12720/jait.17.2.390-404,E1,No digital twin/model,,,
R0509,A Functional Systematic Review of Digital Supply Chain Technologies in Municipal Solid Waste Management with a Saudi Benchmark,Al-Jabri B.; Alkahtani M.,2026,Scopus + WoS,10.7166/37-1-3381,E4,Wrong publication type,medio,,
R0510,Applying sequential bifurcation and feed-forward simulation to reduce the prescriptive response time of a digital twin,Walton R.B.; Ciarallo F.W.; Champagne L.E.,2026,Scopus,10.1016/j.ijpe.2026.109912,E3,No AI/ML component,,alto,
R0511,A cloud-enabled digital twin architecture for fuzzy multi-objective optimization in cognitive supply chains,Nozari H.; Yordanova Z.,2026,Scopus,10.1007/s10287-026-00570-9,E3,No AI/ML component,,alto,
R0512,Research on Prediction of Preterm Birth Risk Based on Digital Twin Technology,Chen X.; Hua R.; Lin Y.,2026,Scopus,10.3390/diagnostics16030499,E2,No supply chain scope,,,
R0513,Towards fully automated city operations: Integrating agentic AI with urban digital twins,Xu H.; Zlatanova S.; Li X.; Wachowicz M.; Batty M.,2026,Scopus,10.1016/j.compenvurbsys.2026.102449,E2,No supply chain scope,,,
R0514,Electric Vehicle Batteries Recycling: A Review,Esmaeilian B.; Xiao Y.; Goyal G.K.; Zuo L.; Chen L.; Behdad S.,2026,Scopus + WoS,10.1016/j.wasman.2025.115302,E4,Wrong publication type,medio,,
R0515,An integrated AI-driven vaccine design process: a systematic review of workflows from generative design to translational prediction,Shafaati M.; Nikzadjamnani F.; Ghorbani M.,2026,Scopus,10.1007/s12026-026-09763-5,E4,Wrong publication type,bajo,,
R0516,Optimizing the mathematical model and technical standards for unilateral biportal endoscopic spinal surgery through machine learning-based video analysis,Cheng D.; Wu H.; Zhou C.; Wang W.; Li N.; Shao C.; Wang H.,2026,Scopus,10.1007/s00586-026-10022-2,E2,No supply chain scope,,,
R0517,Harnessing Artificial Intelligence Across The Drug Lifecycle: From Discovery To Optimized Operations,Srinu K.; Chintapalli G.S.; Mishra K.; Surendra K.; Kumar M.V.,2026,Scopus,10.37521/ejpps31108,E1,No digital twin/model,,,
R0518,Advancing sustainability through digitalization: from drug development to patient care,Eugster R.; Luciani P.,2026,Scopus + WoS,10.1039/d5pm00342c,E4,Wrong publication type,bajo,,
R0519,AI-powered predictive analytics models for early disease detection in digital twin-enabled healthcare,Giri V.V.; Chavan S.V.; Mulla R.M.; Patil N.S.,2026,Scopus,10.1016/bs.adcom.2026.02.005,E2,No supply chain scope,,,
R0520,A Self-Deciding Adaptive Digital Twin Framework Using Agentic AI for Fuzzy Multi-Objective Optimization of Food Logistics,Nozari H.; Yordanova Z.,2026,Scopus,10.3390/a19030218,I,,,,
R0521,A Performance-Centric Investigation of ICT-Enabled Information Integration and Decision Support in Healthcare Supply Chain Systems,Surendharan S.; Krithika M.,2026,Scopus,10.1109/icesic67389.2026.11496468,I,,,,
R0522,"Modeling Diabetes Risk and Progression With Public Health Data: Ontology-Guided, Simulation-Capable Digital Twin Study",Li Q.; Amat K.R.; Johnson E.L.; Li J.,2026,Scopus,10.2196/87374,E2,No supply chain scope,,,
R0523,The standalone and integrated value of digital twins and ancillary emerging technologies for enhancing supply chain performance,Varriale V.; Michelino F.; Godinho-Filho M.,2026,Scopus + WoS,10.1080/09537287.2025.2608686,E3,No AI/ML component,,medio,
R0524,"The Role of Emerging Information Technologies in Manufacturing Traceability – Trends, Challenges, and Future Directions",Gupta S.; Verma J.K.,2026,Scopus,10.70917/ijcisim-2026-2865,E4,Wrong publication type,bajo,,
R0525,Supply chain digital twin design and implementation at scale: A case study at the Ford Motor Company and generalizations,Ivanov D.; Gusikhin O.,2026,Scopus + WoS,10.1016/j.omega.2025.103447,I,,,,
R0526,A Review of the Application of Blockchain Technology in the Logistics Field: CiteSpace-Based Visual Analysis with Computer Technology Integration,Wu Y.,2026,Scopus,10.1145/3804504.3804531,E4,Wrong publication type,bajo,,
R0527,When Cybersecurity Becomes Patient Safety: Securing Pharmaceutical Systems and Connected Medical Devices,Alluri P.,2026,Scopus,10.1109/icmlas67792.2026.11484007,E2,No supply chain scope,,,
R0528,Heart Failure sub-phenotyping and in-hospital and 28-day mortality prediction based on mean arterial pressure trajectory modeling,"Gelbach P.E.; Edwards R.A.; Fukuda Y.; Alexander J., Jr.",2026,Scopus,10.1016/j.ahjo.2026.100838,E1,No digital twin/model,,,
R0529,Forestry 4.0 and Forestry 5.0: An Evolutionary Taxonomy of Smart Technologies,Petukhov I.; Steshina L.; Rajagopal S.,2026,Scopus,10.1109/icieam69213.2026.11549582,E1,No digital twin/model,,,
R0530,Next-Generation AI‑Driven Digital Twin Framework for Market Volatility Warning and Risk Detection in Global Logistics Supply Chains,Zhang C.; Wang X.; Liu L.,2026,Scopus + WoS,10.1109/mcomstd.2025.3641867,I,,,,
R0531,A systematic literature review on the integration of artificial intelligence in digital twins for robotic fault diagnosis,Ben Hnaien I.; Gascard E.; Simeu-Abazi Z.; Dhouibi H.,2026,Scopus + WoS,10.1007/s41060-026-01200-y,E4,Wrong publication type,medio,,
R0532,Port-to-Factory Digital Twin for Malaysia's Klang Valley- Port Klang-Penang Logistics Corridor,Leong W.Y.,2026,Scopus,10.1145/3802463.3802486,E3,No AI/ML component,,alto,
R0533,"Digital twins in offsite construction: Current implementations, challenges, and future pathways",Moghimi N.; Arshang O.; Hamzeh F.,2026,Scopus,10.1016/j.autcon.2026.106820,E4,Wrong publication type,medio,,
R0534,Integrating AI Techniques to Rank Critical Factors for Supplier Selection in the Pharmaceutical Industry,Mahmood M.; Naseem A.; Shahzad A.; Ahmad Y.,2026,Scopus,10.1080/10429247.2026.2647845,E1,No digital twin/model,,,
R0535,Machine Learning Algorithm-Based Optimization in Kidney Disease Detection,Jennifer Delighta E.; Samuel G.L.; Varughese S.,2026,Scopus,10.1007/978-981-95-1723-7_23,E1,No digital twin/model,,,
R0536,The Future trends of Artificial Intelligence and innovative technologies in the new era of pharmaceutical sciences and Industry 4.0,Suriyaamporn P.; Pamornpathomkul B.; Ngawhirunpat T.; Akkaramongkolporn P.; Opanasopit P.,2026,Scopus + WoS,10.1080/03639045.2025.2590707,E4,Wrong publication type,bajo,,
R0537,"Multi-Layered Open Data, Differential Privacy, and Secure Engineering: The Operational Framework for Environmental Digital Twins",Korchenko O.; Korchenko A.; Prokopovych-Tkachenko D.; Karpinski M.; Kazmirchuk S.,2026,Scopus + WoS,10.3390/su18041912,E2,No supply chain scope,,,
R0538,Secured Surveillance Through Digital Twins and DDoS Attack Detection in 5G/6G-Oriented FANET,Rajesh G.; Raajini X.M.; Niyathi S.B.; Sudhakaran N.; Andrew D.E.; Sudharsan T.,2026,Scopus,10.1109/icmlas67792.2026.11483941,E2,No supply chain scope,,,
R0539,A three-tier distributed digital twin framework for supply chain management education in industry 5.0,Eletter S.F.; Houhamdi Z.; Elrefae G.A.; Bany Salameh H.; Qasim A.,2026,Scopus,10.1007/s10586-026-06244-0,E2,No supply chain scope,,,
R0540,Development of a Smart Warehouse Logistics Virtual Reality (VR) Simulator for Experiential Learning in Logistics Education,Yooyativong A.; Sittiwong T.; Laohapensaeng T.; Yooyativong T.,2026,Scopus,10.1109/ectidamtncon67592.2026.11460102,E1,No digital twin/model,,,
R0541,Explainable Prediction of Recurrence After Prostate Cancer Radiotherapy Using in Silico digital twin model and machine learning,Septiers V.; Sosa-Marrero C.; Poeta E.; Chourak H.; Briens A.; De Crevoisier R.; Zuluaga M.A.; Acosta O.,2026,Scopus,10.1007/978-3-032-07694-6_15,E2,No supply chain scope,,,
R0542,Digital twin-assisted modular fast switching technology of assembly line,Li K.; Shi A.,2026,Scopus,10.1088/2631-8695/ae3ed3,E2,No supply chain scope,,,
R0543,"Digital Optimisation of UK Chemical Supply Chains: A Mixed-Methods Evaluation of Operational Efficiency, Safety Risk, and Carbon Emissions Reduction",Tariq M.H.; Zaveri A.A.,2026,Scopus,10.1109/icetes68504.2026.11518600,E1,No digital twin/model,,,
R0544,Innovations in digital twin technology for real-time food traceability and post-harvest optimization for sustainable development,"Pandey, VK; Shaikh, AM",2026,WoS,10.1016/j.foodcont.2026.112388,E4,Wrong publication type,alto,,
R0545,Digital Twin-Enabled Building Demolition Waste Trading: A Demonstrative Case,"Su, SM; Yu, CL; Jiang, YS; Zhong, RY",2026,WoS,10.1109/tase.2025.3553883,E3,No AI/ML component,,,
R0546,Exploring the potential of digital twins in the food industry and their role in developing food formulations,"Paris, MJ; Jiménez-González, O; González-Pérez, JE; Ramírez-Corona, N",2026,WoS,10.1016/j.cep.2025.110583,E4,Wrong publication type,bajo,,
R0547,From laboratory to clinic: Bridging regulatory and manufacturing gaps in stem cell-based therapies,"Ebrahim, NAA; Farghaly, TA; Masaret, GS; Alsaedi, AMR; Soliman, SMA",2026,WoS,10.4252/wjsc.v18.i5.117591,E4,Wrong publication type,bajo,,
R0548,Evaluating the Accuracy of Fabric Mechanical Digitization Methods,"Sánchez-Banderas, RM; Cirio, G; Knowles, C; Rodríguez, A",2026,WoS,10.1109/tvcg.2026.3665029,E1,No digital twin/model,,,
R0549,"Digitalising bioenergy processes: Surveying literature and industrial experience to understand progress, challenges and opportunities","Dekhici, B; Short, M",2026,WoS,10.1016/j.biombioe.2026.109507,E4,Wrong publication type,bajo,,
R0550,Revolutionizing supply chains: digital innovations and circular economy strategies for sustainable management,"Singh, PL",2026,WoS,10.1108/gkmc-03-2025-0253,E4,Wrong publication type,bajo,,
R0551,Digitization Methods for a Logistics Warehouse Towards Digital Twin-Driven Optimization,Kawaguchi N.; Asai Y.; Kano K.; Takaki K.; Mori Y.; Suzuki Y.; Watanabe K.; Gushi Y.; Katayama S.; Urano K.; Yonezawa T.; Hashiguchi S.,2025,Scopus,10.1109/smartcomp65954.2025.00035,I,,,,
R0552,"Artificial intelligence for natural product drug discovery and development: current landscape, applications, and future directions","Othman Z.K.; Ahmed M.M.; Kasimieh O.; Musa S.S.; Branda F.; Cue E.G.; Ocampo J.M.A.; Lucero Prisno D.E., III; Vimolmangkang S.",2025,Scopus,10.1016/j.ibmed.2025.100316,E4,Wrong publication type,bajo,,
R0553,Digital Twins of Conveyors in PLM Tools for Logistics 4.0,Husar J.; Trojanowska J.; Trojanowski P.; Lazorik P.,2025,Scopus,10.1016/j.ifacol.2025.11.880,E3,No AI/ML component,,alto,
R0554,"Conceptual and formal models for design, adaptation, and control of digital twins in supply chain ecosystems",Ivanov D.,2025,Scopus + WoS,10.1016/j.omega.2025.103356,I,,,,
R0555,Integrity Challenges in Halal Meat Supply Chain: Potential Industry 4.0 Technologies as Catalysts for Resolution,Ellahi R.M.; Wood L.C.; Khan M.; Bekhit A.E.-D.A.,2025,Scopus + WoS,10.3390/foods14071135,E4,Wrong publication type,medio,,
R0556,Digital twin technology advancing industry 4.0 and industry 5.0 across sectors,Bongomin O.; Mwape M.C.; Mpofu N.S.; Bahunde B.K.; Kidega R.; Mpungu I.L.; Tumusiime G.; Owino C.A.; Goussongtogue Y.M.; Yemane A.; Kyokunzire P.; Malanda C.; Komakech J.; Tigalana D.; Gumisiriza O.; Ngulube G.,2025,Scopus + WoS,10.1016/j.rineng.2025.105583,E4,Wrong publication type,medio,,
R0557,Computer Simulation Everywhere: Mapping Fifteen Years Evolutionary Expansion of Discrete-Event Simulation and Integration with Digital Twin and Generative Artificial Intelligence,Akpan I.J.; Etti G.E.,2025,Scopus + WoS,10.3390/sym17081272,E4,Wrong publication type,bajo,,
R0558,Review Paper on the Role of Resilience in Supply Chain Transformation: Moving from Green to Regenerative,Bhagat M.; Zagade A.,2025,Scopus,10.1109/iccca66364.2025.11325328,E4,Wrong publication type,medio,,
R0559,From Digital Twins to Digital Triplets in Economics and Financial Decision-Making,Passas I.,2025,Scopus,10.3390/encyclopedia5030087,E4,Wrong publication type,bajo,,
R0560,Digital Twin-Aided Contextual Bandit Learning-Based Two-Sided Matching for Task Offloading in Dynamic Fog Computing Networks,Tran-Dang H.; Kim D.-S.,2025,Scopus,10.1007/978-981-96-6938-7_14,E2,No supply chain scope,,,
R0561,Revolutionizing Combat Casualty Care: The Power of Digital Twins in Optimizing Casualty Care Through Passive Data Collection,Pamplin J.C.; Remondelli M.H.; Thota D.; Trapier J.; Davis M.W.T.; Fisher N.; Kwon P.; Quinn M.T.,2025,Scopus,10.1093/milmed/usae249,E4,Wrong publication type,bajo,,
R0562,"Advancements in AI-enhanced collaborative robotics: towards safer, smarter, and human-centric industrial automation",Shah R.; Doss A.S.A.; Lakshmaiya N.,2025,Scopus + WoS,10.1016/j.rineng.2025.105704,E4,Wrong publication type,medio,,
R0563,Atherogenic index of plasma and risk of acute kidney injury in critically ill patients: a multi-cohort study with machine learning and SHAP analysis,Li D.-M.; Yu F.; Xia W.; Jiang M.-H.; Yang L.-J.; Yang H.-Y.; Yin S.-J.; Wang P.; Meng R.; Cun S.-H.; Yang H.-N.; Du P.-N.; Wang Y.; He G.-H.,2025,Scopus,10.1080/0886022x.2025.2611198,E1,No digital twin/model,,,
R0564,Optimization of Operations in Solid Bulk Port Terminals Using Digital Twin,Neyra J.; Silva L.; Netto J.; Medina A.,2025,Scopus,10.1109/wsc68292.2025.11339094,I,,,,
R0565,Conceptualization and validation of an intelligent digital twin design framework for supply chain risk management,Gabellini M.; Regattieri A.; Bortolini M.; Ronchi M.,2025,Scopus,10.1016/j.jjimei.2025.100365,E3,No AI/ML component,,alto,
R0566,Simulation-Based Digital Twins for Internal Transport Systems,Galka S.; Meißner S.,2025,Scopus,10.1016/j.procs.2025.12.016,E3,No AI/ML component,,alto,
R0567,A Digital Twin Strategy Combined with a Monte Carlo Simulation Framework to Predict Outcomes in Patients with Unusual-Site Venous Thrombosis Treated with Direct Oral Anticoagulants Versus Vitamin K Antagonists Using Data from Real-World Populations,Franco-Moreno A.; Escobar-Curbelo L.; Torres-Macho J.; Muñoz-Rivas N.; Ancos-Aracil C.L.; Martínez de la Casa-Muñoz A.; Bustamante-Fermosel A.; Arranz-García P.; Casado-Suela M.Á.,2025,Scopus,10.3390/clinpract15120237,E2,No supply chain scope,,,
R0568,"Digital twins and logistical labour Models, plans and the inversion of the ‘real’",Horn Z.; Richardson M.,2025,Scopus + WoS,10.13169/workorgalaboglob.19.2.0004,E3,No AI/ML component,,medio,
R0569,Smart Supply Chain: Integrating Production and Maintenance for Agile and Resilient Manufacturing in Industry 4.0,Hafidi N.; Ramadany M.; Hakmaoui I.; Barkany A.E.L.,2025,Scopus + WoS,10.1109/logistiqua66323.2025.11122712,E1,No digital twin/model,,,
R0570,Intent-Driven Zero-Touch Provisioning in Private 5G Networks with AI/ML Automation,Goyal S.; Gattupalli K.K.; Rallabandi B.; Medarametla M.S.,2025,Scopus,10.1109/upwiecon67212.2025.11390129,E2,No supply chain scope,,,
R0571,Data-Driven Defragmentation: Achieving Value-Based Sarcoma and Rare Cancer Care Through Integrated Care Pathway Mapping,Fuchs B.; Heesen P.,2025,Scopus,10.3390/jpm15050203,E4,Wrong publication type,bajo,,
R0572,Enhancing Healthcare with WBAN and Digital Twins: A Machine Learning Approach for Predictive Health Monitoring,Mahapatra R.; Sethi D.; Mishra K.,2025,Scopus,10.1109/access.2025.3584103,E2,No supply chain scope,,,
R0573,A Systematic Literature Review on Digital Twins in Circular Supply Chain Management,Polimetla J.; Sindhwani R.; Bag S.,2025,Scopus,10.1002/bse.70038,E4,Wrong publication type,alto,,
R0574,"Artificial intelligence in clinical data analysis: A review of large language models, foundation models, digital twins, and allergy applications",Fuse Y.; Murphy S.N.; Ikari H.; Takahashi A.; Fuse K.; Kawakami E.,2025,Scopus,10.1016/j.alit.2025.06.005,E4,Wrong publication type,bajo,,
R0575,A Digital Twin Strategy to Predict Thrombotic Recurrence in Antiphospholipid Syndrome Patients Treated with Direct Oral Anticoagulants vs. Vitamin K Antagonists Using Data from Real-World Populations,Casado-Suela M.Á.; Torres-Macho J.; Izquierdo-Martínez A.; Ancos-Aracil C.L.; Ferreira-Burguillos L.; Madroñal-Cerezo E.; Talaván-Zañón T.; Castañeda-Mata A.; Escobar-Curbelo L.; de la Casa-Muñoz A.M.; Ruiz-Navío E.; Bustamante-Fermosel A.; Franco-Moreno A.,2025,Scopus,10.3390/jcm14165716,E2,No supply chain scope,,,
R0576,Resilient Multi-Layer LSTM Digital Twin Framework for Athlete Logistics and Safety in 6G,Zhang Y.; Zhao L.,2025,Scopus + WoS,10.1109/mcomstd.2025.3630497,E2,No supply chain scope,,,
R0577,Digital Twins in Sustainment-Oriented Wargaming,Cantrell S.A.; Margolis C.H.; Krauss M.R.; Pinon Fischer O.J.; Mavris D.N.,2025,Scopus,10.2514/6.2025-0706,E3,No AI/ML component,,alto,
R0578,Embracing resilience in pharmaceutical manufacturing: “digital twins” – forging a resilient path in the VUCA maze,B. A.; Joseph G.,2025,Scopus + WoS,10.1108/ijphm-03-2024-0024,E4,Wrong publication type,medio,,
R0579,Peer Matching for Patients Using Digital Twin-Inspired Live Programmable Interfaces,Rastogi S.; Shah R.; Kumar S.; Vijh S.,2025,Scopus,10.1109/emergin67762.2025.11450839,E2,No supply chain scope,,,
R0580,A Multi-Objective Framework for Inventory Digitalization Using AI and IoT,Arora M.; Sethi S.; Ahluwalia A.; Udayai K.; Aggarwal N.; Ahmad V.,2025,Scopus,10.1109/ictbig68706.2025.11323600,E1,No digital twin/model,,,
R0581,Artificial intelligence in headache medicine: between automation and the doctor-patient relationship. A systematic review,Espinoza-Vinces C.; Martínez M.C.; Atorrasagasti-Villar A.; Rodríguez M.D.M.G.; Ezpeleta D.; Irimia P.,2025,Scopus,10.1186/s10194-025-02143-8,E4,Wrong publication type,bajo,,
R0582,The Metaverse for Industry 5.0 in NextG Communications: Potential Applications and Future Challenges,Boopathy P.; Deepa N.; Maddikunta P.K.R.; Victor N.; Gadekallu T.R.; Yenduri G.; Wang W.; Pham Q.-V.; Huynh-The T.; Liyanage M.,2025,Scopus + WoS,10.1109/ojcs.2024.3497335,E4,Wrong publication type,medio,,
R0583,Interpretable vs. Post-Hoc Explained Models for Digital Twin Applications in Clinical Forecasting: A Multiple Sclerosis Case Study,Giugliano S.; Basile I.; Sannino G.,2025,Scopus,10.1016/j.procs.2025.10.070,E2,No supply chain scope,,,
R0584,Real-Time Medical Aid Delivery: A Digital Twin Approach with Dynamic Vehicle Routing Problem,Abdelnabi A.B.; Rabadi G.,2025,Scopus + WoS,10.1109/dtpi65196.2025.11088823,I,,,,
R0585,Implications for Using Digital Twins to Enhance Safety in Warehouse 4.0 Design,Wu J.; Ren J.; Ravn O.; Nalpantidis L.,2025,Scopus,10.3303/cet25116001,E3,No AI/ML component,,medio,
R0586,Smart Packaging Optimization Using Digital Twins and Industrial 5.0 With Human Robot Interaction,Morgan K.R.; Guerra-Zubiaga D.A.; Richards G.,2025,Scopus,10.1115/imece2025-165682,E2,No supply chain scope,,,
R0587,Digital twins come to the life sciences,Adam D.,2025,Scopus,10.1073/pnas.2532645122,E2,No supply chain scope,,,
R0588,State of the Art of Digital Twins in Improving Supply Chain Resilience,"Roman, EA; Stere, AS; Rosca, E; Radu, AV; Codroiu, D; Anamaria, I",2025,WoS,10.3390/logistics9010022,E4,Wrong publication type,alto,,
R0589,"DigiPyramid: A Multiresolution Digital Twin Framework for Reliable Logistics Management-Conceptualization, Implementation, and Intelligentization","Shang, W; Wang, YJ; Zhu, AD; Chen, Y; Fu, PH; Li, XL; Zhu, LF; Sheng, JQ; Zhang, B; Yue, J",2025,WoS,10.1109/access.2025.3606168,I,,,,
R0590,Digital-Twin-Enabled Design and Machine-Learning-Assisted Energy Management of a Solar Refrigerated Van with Phase-Change Thermal Storage,"Baniasadi, E; Esmaeilzadeh, A; Abadi, MKF; Rezk, A; Batista, L; Falcone, G; Bilesanmi, Y",2025,WoS,10.18462/iir.adaptation.2024.1181,E2,No supply chain scope,,,
R0591,VerDT: A Versatile Digital Twins Framework for UAVs-Based Industrial Cyber-Physical Systems,"Zhou, LY; Leng, SP; Quek, TQS",2025,WoS,10.1109/tmc.2025.3567284,I,,,,
R0592,Relation between digital innovation and industry 4.0: existing themes and emerging research trends,"Gupta, M; Jauhar, SK; Paul, SK; Pratap, S",2025,WoS,10.1007/s12597-024-00865-y,E4,Wrong publication type,bajo,,
R0593,Artificial Intelligence in Collagen-based Biomaterials,"Akhter, Z; Prabakar, S",2025,WoS,10.1002/slct.202504704,E4,Wrong publication type,bajo,,
R0594,NFT-Based Framework for Digital Twin Management in Aviation Component Lifecycle Tracking,Kabashkin I.,2024,Scopus + WoS,10.3390/a17110494,E1,No digital twin/model,,,
R0595,Improving Supply Chain and Manufacturing Process in Wind Turbine Tower Industry Through Digital Twins,Muñoz-Díaz M.-L.; Escudero-Santana A.; Lorenzo-Espejo A.; Muñuzuri J.,2024,Scopus + WoS,10.1007/978-3-031-24771-2_14,E2,No supply chain scope,,,
R0596,Bridge Digital Twin for Practical Bridge Operation and Maintenance by Integrating GIS and BIM,Gao Y.; Xiong G.; Hu Z.; Chai C.; Li H.,2024,Scopus + WoS,10.3390/buildings14123731,E2,No supply chain scope,,,
R0597,An analysis framework for resource management in smart manufacturing the Industrial Internet of Things (IIoT) applications and taxonomy,Noonia A.; Singh N.; Abhishek K.; Kapila N.; Dubey N.; Singh S.P.,2024,Scopus,10.1109/ariia63345.2024.11051437,E4,Wrong publication type,bajo,,
R0598,Integrating Digital Twins in Supply Chain Management Education,Eletter S.F.; Elrefae G.A.; Qasim A.; Houhamdi Z.,2024,Scopus,10.1109/sds64317.2024.10883925,E2,No supply chain scope,,,
R0599,Role of Digital Twins in Promoting Sustainability in Commerce,Venkatesan R.; Benny B.; Shirley C.P.; Berin Jeba Jingle I.,2024,Scopus,10.1109/icpcsn62568.2024.00166,E2,No supply chain scope,,,
R0600,Artificial Intelligence and Smart Technologies in Safety Management: A Comprehensive Analysis Across Multiple Industries,Park J.; Kang D.,2024,Scopus + WoS,10.3390/app142411934,E4,Wrong publication type,bajo,,
R0601,AI4Work Project: Human-Centric Digital Twin Approaches to Trustworthy AI and Robotics for Improved Working Conditions in Healthcare and Education Sectors,Maglogiannis I.; Trastelis F.; Kalogeropoulos M.; Khan A.; Gallos P.; Menychtas A.; Panagopoulos C.; Papachristou P.; Islam N.; Wolff A.; Soares S.; Hansen S.; Scholze S.,2024,Scopus,10.3233/shti240581,E2,No supply chain scope,,,
R0602,Digital technologies to unlock safe and sustainable opportunities for medical device and healthcare sectors with a focus on the combined use of digital twin and extended reality applications: A review,Rowan N.J.,2024,Scopus + WoS,10.1016/j.scitotenv.2024.171672,E4,Wrong publication type,bajo,,
R0603,Simulation Learning and Optimization: Methodology and Applications,Chang K.-H.; Chen T.-L.,2024,Scopus + WoS,10.1142/s0217595924400086,E4,Wrong publication type,medio,,
R0604,Functional Variant of Polynomial Analogue of Gandy’s Fixed Point Theorem,Nechesov A.; Goncharov S.,2024,Scopus + WoS,10.3390/math12213429,E1,No digital twin/model,,,
R0605,Digital twin-based warehouse management system: a theoretical toolbox for future research and applications,Maheshwari P.; Kamble S.; Kumar S.; Belhadi A.; Gupta S.,2024,Scopus + WoS,10.1108/ijlm-01-2023-0030,E4,Wrong publication type,alto,,
R0606,CONTINGENT: Advanced Solution to Enhance Cyber Resilience Through Machine Learning Techniques,Pérez Carrasco F.; García García A.; Garrido Peñalver V.; Company Peris R.; Gimenez Salazar P.,2024,Scopus,10.1007/978-3-031-58950-8_19,E1,No digital twin/model,,,
R0607,A systematic review on Machine learning and Neural Network based models for disease prediction,Roobini S.; Kavitha M.S.; Karthik S.,2024,Scopus,10.62110/sciencein.jist.2024.v12.787,E4,Wrong publication type,bajo,,
R0608,TRANSFORMING OFFSET PRINTING WITH DIGITAL TWINS AND AI: INSIGHTS FROM RESEARCH INITIATIVES,Trochoutsos C.; Kalafatelis A.S.; Trakadas P.,2024,Scopus,10.24867/grid-2024-p46,E2,No supply chain scope,,,
R0609,Digital Twins in Agriculture: Orchestration and Applications,"Escribà-Gelonch, M; Liang, S; van Schalkwyk, P; Fisk, I; Long, NVD; Hessel, V",2024,WoS,10.1021/acs.jafc.4c01934,E4,Wrong publication type,medio,,
R0610,Digital Twin for Railway: A Comprehensive Survey,Ghaboura S.; Ferdousi R.; Laamarti F.; Yang C.; Saddik A.E.,2023,Scopus + WoS,10.1109/access.2023.3327042,E4,Wrong publication type,bajo,,
R0611,Transforming Healthcare: Exploring the Impact and Potential of Digital Twin Technology,Sharma B.; Kaushal D.; Joshi S.; Sharma M.; Bafila S.,2023,Scopus,10.1109/idicaiei58380.2023.10406632,E2,No supply chain scope,,,
R0612,Information systems engineering with Digital Shadows: Concept and use cases in the Internet of Production,Liebenberg M.; Jarke M.,2023,Scopus + WoS,10.1016/j.is.2023.102182,E2,No supply chain scope,,,
R0613,On Digital Twin Software and Cyber Threats,Sneps-Sneppe M.; Namiot D.,2023,Scopus,10.1007/978-3-031-30258-9_43,E1,No digital twin/model,,,
R0614,Implementing Digital Twins That Learn: AI and Simulation Are at the Core,Biller B.; Biller S.,2023,Scopus + WoS,10.3390/machines11040425,I,,,,
R0615,Automated generation of digital twin for a built environment using scan and object detection as input for production planning,Sommer M.; Stjepandić J.; Stobrawa S.; Soden M.V.,2023,Scopus + WoS,10.1016/j.jii.2023.100462,E2,No supply chain scope,,,
R0616,Digital twin applications in urban logistics: an overview,Abouelrous A.; Bliek L.; Zhang Y.,2023,Scopus + WoS,10.1080/21650020.2023.2216768,E4,Wrong publication type,alto,,
R0617,Active Behavior Mining for Digital Twins Extraction,Margaria T.; Schieweck A.,2022,Scopus,10.1109/mitp.2022.3193044,E4,Wrong publication type,bajo,,
R0618,Towards circular economy in the textiles and clothing value chain through blockchain technology and IoT: A review,Alves L.; Ferreira Cruz E.; Lopes S.I.; Faria P.M.; Rosado da Cruz A.M.,2022,Scopus,10.1177/0734242x211052858,E4,Wrong publication type,bajo,,
R0619,An Edge-Cloud based Reference Architecture to support cognitive solutions in Process Industry,Salis A.; Marguglio A.; De Luca G.; Razzetti S.; Quadrini W.; Gusmeroli S.,2022,Scopus,10.1016/j.procs.2022.12.198,E1,No digital twin/model,,,
R0620,"Digital twin for sustainable manufacturing supply chains: Current trends, future perspectives, and an implementation framework",Kamble S.S.; Gunasekaran A.; Parekh H.; Mani V.; Belhadi A.; Sharma R.,2022,Scopus + WoS,10.1016/j.techfore.2021.121448,E4,Wrong publication type,alto,,
R0621,Digital Twin for Inventory Planning of Fresh Produce,Melesse T.Y.; Bollo M.; Di Pasquale V.; Riemma S.,2022,Scopus,10.1016/j.ifacol.2022.10.134,I,,,,
R0622,Digital Twin: Technology Evolution Stages and Implementation Layers with Technology Elements,Jeong D.-Y.; Baek M.-S.; Lim T.-B.; Kim Y.-W.; Kim S.-H.; Lee Y.-T.; Jung W.-S.; Lee I.-B.,2022,Scopus + WoS,10.1109/access.2022.3174220,E2,No supply chain scope,,,
R0623,Modeling a remanufacturing reverse logistics planning problem: some insights into disruptive technology adoption,Yu H.,2022,Scopus,10.1007/s00170-022-10387-w,E1,No digital twin/model,,,
R0624,Industry 5.0: A survey on enabling technologies and potential applications,"Maddikunta, PKR; Pham, QV; Prabadevi; Deepa, N; Dev, K; Gadekallu, TR; Ruby, R; Liyanage, M",2022,WoS,10.1016/j.jii.2021.100257,E4,Wrong publication type,medio,,
R0625,The application of Industry 4.0 technologies in sustainable logistics: a systematic literature review (2012-2020) to explore future research opportunities,"Sun, X; Yu, H; Solvang, WD; Wang, Y; Wang, KS",2022,WoS,10.1007/s11356-021-17693-y,E4,Wrong publication type,medio,,
R0626,"Future of industry 5.0 in society: human-centric solutions, challenges and prospective research areas","Adel, A",2022,WoS,10.1186/s13677-022-00314-5,E4,Wrong publication type,medio,,
R0627,Digital Twin-Driven Approach for Smart City Logistics: The Case of Freight Parking Management,Liu Y.; Folz P.; Pan S.; Ramparany F.; Bolle S.; Ballot E.; Coupaye T.,2021,Scopus,10.1007/978-3-030-85910-7_25,E3,No AI/ML component,,alto,
R0628,A digital twins machine learning model for forecasting disease progression in stroke patients,Allen A.; Siefkas A.; Pellegrini E.; Burdick H.; Barnes G.; Calvert J.; Mao Q.; Das R.,2021,Scopus,10.3390/app11125576,E2,No supply chain scope,,,
R0629,Research on Intelligent Assembly Modes of Aerospace Products Based on Digital Twin,Shi L.; Yan L.; Shuqing B.; Cuobo Z.; Yuanchong C.,2021,Scopus,10.1088/1742-6596/1756/1/012011,I,,,,Make
R0630,Digital Twin in the Agri-Food Supply Chain: A Literature Review,Tebaldi L.; Vignali G.; Bottani E.,2021,Scopus,10.1007/978-3-030-85910-7_29,E4,Wrong publication type,alto,,
R0631,Peeking into the void: Digital twins for construction site logistics,Greif T.; Stein N.; Flath C.M.,2020,Scopus,10.1016/j.compind.2020.103264,E3,No AI/ML component,,alto,
R0632,Simulation in industry 4.0: A state-of-the-art review,"Ferreira, WD; Armellini, F; De Santa-Eulalia, LA",2020,WoS,10.1016/j.cie.2020.106868,E4,Wrong publication type,bajo,,
R0633,Full-Scale Discrete Event Simulation of an Automated Modular Conveyor System for Warehouse Logistics,Ashrafian A.; Pettersen O.-G.; Kuntze K.N.; Franke J.; Alfnes E.; Henriksen K.F.; Spone J.,2019,Scopus,10.1007/978-3-030-29996-5_4,E1,No digital twin/model,,,
R0634,Smart midstream integration for CSG to LNG,Byfield R.,2019,Scopus,10.15530/ap-urtec-2019-198272,E1,No digital twin/model,,,
R0635,Simulation-ready digital twin for realtime management of logistics systems,Korth B.; Schwede C.; Zajac M.,2018,Scopus,10.1109/bigdata.2018.8622160,E3,No AI/ML component,,alto,
R0636,A Networked Production System to Implement Virtual Enterprise and Product Lifecycle Information Loops,Avventuroso G.; Silvestri M.; Pedrazzoli P.,2017,Scopus,10.1016/j.ifacol.2017.08.902,E3,No AI/ML component,,medio,
R0637,Data Management in Smart Manufacturing Supply Chains: A Systematic Review of Practices and Applications (2020–2025),Smina N.; Gahi Y.; Gharib J.,2026,Scopus + WoS,10.3390/info17010019,E4,Wrong publication type,medio,,
R0638,Towards Explainable Decision Support Using Hybrid Neural Models for Logistic Terminal Automation,D’Elia R.; Termine A.; Flammini F.,2026,Scopus,10.1007/978-3-032-21811-7_6,E1,No digital twin/model,,,
R0639,A Big Data-Driven Knowledge Framework for Supply Chain Risk Prediction and Performance Optimization in Multinational Corporations,Gao D.; Zhao H.,2026,Scopus + WoS,10.4018/ijkm.402393,I,,,,
R0640,"Nuclear Electric Propulsion for Deep-Space Missions: Technologies, Challenges, and Future Outlook",Karkadakattil A.,2026,Scopus + WoS,10.1080/00295639.2025.2607945,E4,Wrong publication type,bajo,,
R0641,Risk Management in AI-Driven Sustainable E-Commerce Transformations: A Comprehensive Framework for Digital Business Resilience,Ratra K.K.; Saikia P.; Nadaf L.,2026,Scopus,10.1109/ccwc67433.2026.11393855,E4,Wrong publication type,bajo,,
R0642,Internet of Things (IoT) in Education,Alam A.,2026,Scopus,10.1109/aiei69164.2026.11497934,E1,No digital twin/model,,,
R0643,Enhancing Resource Management in Dyeing Industry Supply Chain Using Artificial Intelligence,Sontakke P.; Chandre P.; Dhotre P.; Pathak G.,2026,Scopus,10.1007/978-3-032-13003-7_15,I,,,,Make
R0644,"Development of an Architecture for an Intelligent Plant Logistics Management System Based on the Integration of ERP Systems, MES, and Industrial Robots in the Context of Industry 4.0/5.0",Fomenko A.A.; Panilov P.A.; Tsibizova T.Y.,2026,Scopus,10.1109/smartindustrycon68821.2026.11492957,E1,No digital twin/model,,,
R0645,From Smart Ports to Sustainable Port Ecosystems: The Transformative Role of Artificial Intelligence,Castro M.; Sabino M.R.; Cabrita M.D.R.; Mendes A.; Pinho T.,2026,Scopus + WoS,10.3390/systems14020187,E4,Wrong publication type,medio,,
R0646,"Machine and deep learning for food integrity: A review of emerging analytical applications in safety, quality, and authenticity",Yusufoğlu B.; Özdemir S.; Zargarchi S.; Gündoğan R.; Capanoglu E.; Tekinerdoğan B.; Esatbeyoglu T.,2026,Scopus,10.1016/j.afres.2026.102100,E4,Wrong publication type,bajo,,
R0647,ATLAS–ALMA ARCHITECTURE FOR THE INTELLIGENT OPERATION OF MULTIMODAL FREIGHT TRANSPORT NETWORKS: CONCEPTUAL MODEL AND IMPLEMENTATION FRAMEWORK,Stoian B.-N.; Popescu C.-A.; Nechita R.-M.; Verdete B.M.,2026,Scopus,10.17683/ijomam/issue24.8,E1,No digital twin/model,,,
R0648,Enhancing resilience and reducing waste in food supply chains: a systematic review and future directions leveraging emerging technologies,"Seyam, A; Barachi, ME; Zhang, C; Du, B; Shen, J; Mathew, SS",2026,WoS,10.1080/13675567.2024.2406555,E4,Wrong publication type,bajo,,
R0649,Artificial intelligence in ports: a bibliometric and evolutionary perspective,"Oner, G; Inanc, Y; Altuntas, G",2026,WoS,10.1504/ijstl.2026.153221,E4,Wrong publication type,medio,,
R0650,How to engineer sustainability: from resource-wise manufacturing towards ecosystem-wide impacts,"Mller, JM; Kazantsev, N; Allmendinger, R; Salehi-Amiri, A; Reis, JZ; Jaradat, S; Bartolo, H; Bartolo, PJD",2026,WoS,10.1108/sampj-03-2024-0305,E4,Wrong publication type,bajo,,
R0651,Agentic Satellite-Augmented Low-Altitude Economy and Terrestrial Networks: A Survey on Generative Approaches,"Gao, XZ; Wang, YC; Liu, BS; Zhou, X; Zhang, RC; Wang, JC; Niyato, D; Kim, DI; Jamalipour, A; Yuen, C; An, JP; Yang, K",2026,WoS,10.1109/comst.2026.3660854,E4,Wrong publication type,bajo,,
R0652,Machine Learning-Driven Edge Caching for Industry 5.0: A Survey of Collaborative and Inference-Enabled Techniques,"Maiti, R; Madhukumar, AS; Ernest, TZH",2026,WoS,10.1109/ojcoms.2026.3669379,E4,Wrong publication type,bajo,,
R0653,"No risk, no fun? A bioinspired adaptation-based framework for supply chain resilience in Industry 5.0",Ivanov D.,2025,Scopus + WoS,10.1080/00207543.2025.2496962,E1,No digital twin/model,,,
R0654,Initial management of haemorrhagic war casualties: tactical priorities and innovative approaches in modern and future warfare,Jarrassier A.; Boutonnet M.; Duranteau J.; Travers S.; Prat N.; Dubourg O.; Pasquier P.; Libert N.,2025,Scopus,10.1186/s13054-025-05752-6,E4,Wrong publication type,bajo,,
R0655,Artificial Intelligence in Wire Arc Additive Manufacturing: A Systematic Review and Patent Landscape Analysis,Sitharaj A.; Balasubramanian A.; Sivanraju R.,2025,Scopus + WoS,10.1002/eng2.70518,E4,Wrong publication type,bajo,,
R0656,A semi-mechanistic mathematical framework for simulating multi-hormone dynamics in reproductive endocrinology,Vallée A.; Feki A.; Moawad G.; Ayoubi J.-M.,2025,Scopus,10.1016/j.csbj.2025.08.013,E1,No digital twin/model,,,
R0657,A systematic review of the literature on the use of information technologies in supply chain management,Al-Talib M.; Al-Saad W.; Alzoubi A.; Anosike A.I.,2025,Scopus,10.1108/ijieom-09-2023-0073,E4,Wrong publication type,medio,,
R0658,Predicting High Temporal Deviation in Traffic Flows Based on SUMO Simulation,Bakbergen M.; Didar Y.,2025,Scopus,10.1109/sist61657.2025.11139163,E1,No digital twin/model,,,
R0659,"Artificial Intelligence in Diabetes Care: Applications, Challenges, and Opportunities Ahead",Parab R.; Feeley J.M.; Valero M.; Chadalawada L.; Garcia G.-G.P.; Kar S.S.; Madabhushi A.; Breton M.D.; Li J.; Shao H.; Pasquel F.J.,2025,Scopus,10.1016/j.eprac.2025.07.008,E4,Wrong publication type,bajo,,
R0660,Occupational Risk Prediction for Miners Based on Stacking Health Data Fusion,Zhang X.; Yang W.; Yang W.; Huang B.; Wang Z.; Tian S.,2025,Scopus,10.3390/app15063129,E1,No digital twin/model,,,
R0661,INFORMATION-CENTRIC OPTIMIZATION OF BIO-BASED SUPPLY CHAINS USING HYBRID C-IFS AND TYPE-2 FUZZY MAIRCA,Tamtam F.; Tourabi A.,2025,Scopus,10.28945/5688,E1,No digital twin/model,,,
R0662,SynthPark: A Photorealistic Simulation Environment for Parking Occupancy Prediction,Valvis A.; Balaska V.; Kansizoglou I.; Bampis L.; Gasteratos A.,2025,Scopus + WoS,10.1109/ist66504.2025.11268443,E1,No digital twin/model,,,
R0663,When Interpretability Meets Efficiency: Integrating Emulation into Supply Chain Simulation,Lu X.; Lin Y.; Ng H.; Liu Y.,2025,Scopus,10.1109/wsc68292.2025.11339053,I,,,,
R0664,"Internet of behaviors: conceptual model, practical and theoretical implications for supply chain and operations management",Dolgui A.; Ivanov D.,2025,Scopus + WoS,10.1080/00207543.2024.2372008,I,,,,
R0665,A Single AI Platform for the Unification of Railway Transport Logistics Processes,"Rohovyi, O; Samsonkin, V; Yurchenko, O; Bureika, G",2025,WoS,10.1109/edcc-c66476.2025.00039,E1,No digital twin/model,,,
R0666,Development of an Intelligent System for Urban Logistics to Facilitate Sustainable Optimization,"Dossou, PE; Irudayaraj, J",2025,WoS,10.1007/978-3-031-95284-5_36,E1,No digital twin/model,,,
R0667,Unleashing Sustainable Efficiency: The Integration of Computer Vision into Industry 4.0,"Gill, R; Srivastava, D; Hooda, S; Singla, C; Chaudhary, R",2025,WoS,10.1080/10429247.2024.2383518,E4,Wrong publication type,bajo,,
R0668,Reaching new frontiers in nanoelectronics through artificial intelligence,"Sivasubramani, S; Prodromakis, T",2025,WoS,10.3389/fnano.2025.1627210,E4,Wrong publication type,bajo,,
R0669,Digital Technologies as Enablers of the Circular Economy: An Empirical Perspective on the Role of Companies in Driving Customer Behaviour Change,"Buecker, C; Pantel, J; Geissdoerfer, M; Bhattacharjya, J; Kumar, M",2025,WoS,10.1111/radm.12762,E1,No digital twin/model,,,
R0670,Innovative Technologies Reshaping Meat Industrialization: Challenges and Opportunities in the Intelligent Era,"Sun, Q; Yuan, YN; Xu, BG; Gao, SP; Zhai, XD; Xu, FY; Shi, JY",2025,WoS,10.3390/foods14132230,E4,Wrong publication type,bajo,,
R0671,Enhanced Economic Sustainable Evaluation of Operational Planning in Industrial Engineering,Kitzmann H.; Strimovskaya A.; Tsyplakova E.; Sinko G.; Serova E.,2024,Scopus,10.1007/978-3-031-53598-7_37,E1,No digital twin/model,,,
R0672,A two-level decision-support framework for reverse logistics network design considering technology transformation in Industry 4.0: a case study in Norway,Sun X.; Yu H.; Solvang W.D.; Govindan K.,2024,Scopus,10.1007/s00170-024-14121-6,E1,No digital twin/model,,,
R0673,A digital-twin and rapid optimization framework for optical design of indoor farming systems,Mengi E.; Becker C.J.; Sedky M.; Yu S.-Y.; Zohdi T.I.,2024,Scopus + WoS,10.1007/s00466-023-02421-9,E1,No digital twin/model,,,
R0674,Disruption detection for a cognitive digital supply chain twin using hybrid deep learning,Ashraf M.; Eltawil A.; Ali I.,2024,Scopus + WoS,10.1007/s12351-024-00831-y,I,,,,
R0675,Towards a Framework for AI Applications in Intralogistics,Venkatadri U.; Murrenhoff A.,2024,Scopus + WoS,10.1016/j.ifacol.2024.09.084,E4,Wrong publication type,medio,,
R0676,Semi-Automated Framework for Digitalizing Multi-Product Warehouses with Large Scale Camera Arrays,Higashiura K.; Yokoyama K.; Asai Y.; Shimosato H.; Kano K.; Katayama S.; Urano K.; Yonezawa T.; Kawaguchi N.,2024,Scopus + WoS,10.1109/percom59722.2024.10494498,E1,No digital twin/model,,,
R0677,Industrial internet of things: What does it mean for the bioprocess industries?,Borgosz L.; Dikicioglu D.,2024,Scopus,10.1016/j.bej.2023.109122,E4,Wrong publication type,bajo,,
R0678,"Modern State-of-the-Art Generative AI Uses and Practices for Product Innovation, Marketing Strategies, and Enhanced Customer Experience",Swapnil A.; Ge H.; Diagarajan M.S.; Happonen A.,2024,Scopus,10.1109/ceii65291.2024.00058,E4,Wrong publication type,bajo,,
R0679,Emerging Opportunities in Distributed Manufacturing: Results and Analysis of an Expert Study,"Daehn, G; Blue, C; Johnson-Bey, C; Lewandowski, JJ; Mahoney, T; Okwudire, C; Rossman, T; Schmitz, T; Silveston, R",2024,WoS,10.1007/s40192-024-00365-3,E4,Wrong publication type,bajo,,
R0680,Are metaverse applications in quality 4.0 enablers of manufacturing resiliency? An exploratory review under disruption impressions and future research,"El Jaouhari, A; Arif, J; Samadhiya, A; Kumar, A; Jain, V; Agrawal, R",2024,WoS,10.1108/tqm-06-2023-0181,E4,Wrong publication type,bajo,,
R0681,Drone Transportation System: Systematic Review of Security Dynamics for Smart Mobility,Ajakwe S.O.; Kim D.-S.; Lee J.-M.,2023,Scopus + WoS,10.1109/jiot.2023.3266843,E4,Wrong publication type,bajo,,
R0682,Achieving rapid value and ROI from supply chain visibility while building long-term capabilities,Bonny N.; Lander R.,2023,Scopus,10.69554/vtuw3748,E1,No digital twin/model,,,
R0683,A Log-Likelihood-Based Evaluation Metric for the Reproducibility and Simplicity of Logistics Graphs,Takakura Y.; Mori J.; Kobayashi H.,2023,Scopus + WoS,10.1016/j.ifacol.2023.10.731,E1,No digital twin/model,,,
R0684,The paradigm shift from industry 4.0 implementation to industry 5.0 readiness,Shadravan A.; Parsaei H.R.,2023,Scopus,10.54941/ahfe1004296,E4,Wrong publication type,bajo,,
R0685,Just Keep Rolling?—An Encompassing Review towards Accelerated Vaccine Product Life Cycles,Stiefel J.; Zimmer J.; Schloßhauer J.L.; Vosen A.; Kilz S.; Balakin S.,2023,Scopus,10.3390/vaccines11081287,E4,Wrong publication type,bajo,,
R0686,Data-Driven Supply Chain Operations—The Pilot Case of Postal Logistics and the Cross-Border Optimization Potential,Zdolsek Draksler T.; Cimperman M.; Obrecht M.,2023,Scopus + WoS,10.3390/s23031624,E3,No AI/ML component,,alto,
R0687,Predictive Logistics Models for Autonomous Vehicles Deployment in Adversarial Environments,Babiceanu R.F.,2023,Scopus,10.1109/cai54212.2023.00047,E1,No digital twin/model,,,
R0688,Future directions in regulatory affairs,Chisholm O.; Critchley H.,2023,Scopus,10.3389/fmed.2022.1082384,E4,Wrong publication type,bajo,,
R0689,Responsible cognitive digital clones as decision-makers:a design science research study,Golovianko M.; Gryshko S.; Terziyan V.; Tuunanen T.,2023,Scopus + WoS,10.1080/0960085x.2022.2073278,E1,No digital twin/model,,,
R0690,Intelligent Product Quality Prediction for Highly Customized Complex Production Adopting Ensemble Learning Model,Trappey A.J.C.; Chien C.-H.,2023,Scopus,10.1109/smc53992.2023.10394096,E1,No digital twin/model,,,
R0691,"Advances in intelligent detection, monitoring, and control for preserving the quality of fresh fruits and vegetables in the supply chain","Zhong, XL; Zhang, M; Tang, TT; Adhikari, B; Ma, YM",2023,WoS,10.1016/j.fbio.2023.103350,E4,Wrong publication type,bajo,,
R0692,A Survey and Perspective on Industrial Cyber-Physical Systems (ICPS): From ICPS to AI-Augmented ICPS,"Chae, J; Lee, S; Jang, J; Hong, S; Park, KJ",2023,WoS,10.1109/ticps.2023.3323600,E4,Wrong publication type,bajo,,
R0693,A maturity model for the autonomy of manufacturing systems,"Mo, F; Monetti, FM; Torayev, A; Rehman, HU; Alberola, JM; Minango, NR; Nguyen, HN; Maffei, A; Chaplin, JC",2023,WoS,10.1007/s00170-023-10910-7,E4,Wrong publication type,bajo,,
R0694,Challenges of modeling and analysis in cybermanufacturing: a review from a machine learning and computation perspective,"Kang, SK; Jin, R; Deng, XW; Kenett, RS",2023,WoS,10.1007/s10845-021-01817-9,E4,Wrong publication type,bajo,,
R0695,Conceptual framework of a Learning Experience Platform (LXP) to strengthen AI competence by linking simulation technologies and AI,Weigert D.; Behrendt F.,2022,Scopus,10.46354/i3m.2022.mas.024,E1,No digital twin/model,,,
R0696,The impact of digitalization on supply chain management: A literature review,Taghipour A.; Lu X.; Derradji M.; Sow A.D.,2022,Scopus,10.1145/3551690.3551702,E4,Wrong publication type,bajo,,
R0697,Perspectives on the future of manufacturing within the Industry 4.0 era,"Hughes, L; Dwivedi, YK; Rana, NP; Williams, MD; Raghavan, V",2022,WoS,10.1080/09537287.2020.1810762,E4,Wrong publication type,bajo,,
R0698,A review of industrial big data for decision making in intelligent manufacturing,"Li, CQ; Chen, YQ; Shang, YL",2022,WoS,10.1016/j.jestch.2021.06.001,E4,Wrong publication type,bajo,,
R0699,Development of a multidimensional conceptual model for job shop smart manufacturing scheduling from the Industry 4.0 perspective,"Serrano-Ruiz, JC; Mula, J; Poler, R",2022,WoS,10.1016/j.jmsy.2022.03.011,E4,Wrong publication type,bajo,,
R0700,The Nexus of Industry 4.0 and Circular Procurement: A Systematic Literature Review and Research Agenda,"Rejeb, A; Appolloni, A",2022,WoS,10.3390/su142315633,E4,Wrong publication type,bajo,,
R0701,"Sustainable, smart, and sensing technologies for cyber-physical manufacturing systems: A systematic literature review",Andronie M.; Lăzăroiu G.; Ștefănescu R.; Uță C.; Dijmărescu I.,2021,Scopus + WoS,10.3390/su13105495,E4,Wrong publication type,bajo,,
R0702,Digital biomarkers of physical frailty and frailty phenotypes using sensor-based physical activity and machine learning,Park C.; Mishra R.; Golledge J.; Najafi B.,2021,Scopus,10.3390/s21165289,E1,No digital twin/model,,,
R0703,Current Theoretical and Applied Research on Energy- and Resource-Saving Highly Reliable Chemical Process Systems Engineering,Meshalkin V.P.,2021,Scopus + WoS,10.1134/s004057952104031x,E4,Wrong publication type,bajo,,
R0704,"Managing crowded museums: Visitors flow measurement, analysis, modeling, and optimization",Centorrino P.; Corbetta A.; Cristiani E.; Onofri E.,2021,Scopus,10.1016/j.jocs.2021.101357,E2,No supply chain scope,,,
R0705,Data-driven methodology to support long-lasting logistics and decision making for urban last-mile operations,Gutierrez-Franco E.; Mejia-Argueta C.; Rabelo L.,2021,Scopus + WoS,10.3390/su13116230,E1,No digital twin/model,,,
R0706,Automotive OEM demand forecasting: A comparative study of forecasting algorithms and strategies,Rožanec J.M.; Kažič B.; Škrjanc M.; Fortuna B.; Mladenić D.,2021,Scopus + WoS,10.3390/app11156787,E1,No digital twin/model,,,
R0707,The Current Status and Developing Trends of Industry 4.0: a Review,"Lu, Y",2021,WoS,10.1007/s10796-021-10221-w,E4,Wrong publication type,bajo,,
R0708,"From Industry 4.0 to Agriculture 4.0: Current Status, Enabling Technologies, and Research Challenges","Liu, Y; Ma, XY; Shu, L; Hancke, GP; Abu-Mahfouz, AM",2021,WoS,10.1109/tii.2020.3003910,E4,Wrong publication type,bajo,,
R0709,A Systematic Literature Review of Industry 4.0 Technologies within Medical Device Manufacturing,"Lepasepp, TK; Hurst, W",2021,WoS,10.3390/fi13100264,E4,Wrong publication type,bajo,,
R0710,Context Aware Control Systems: An Engineering Applications Perspective,Diaz R.A.C.; Ghita M.; Copot D.; Birs I.R.; Muresan C.; Ionescu C.,2020,Scopus + WoS,10.1109/access.2020.3041357,E4,Wrong publication type,bajo,,
R0711,Drive through Robotics: Robotic Automation for Last Mile Distribution of Food and Essentials during Pandemics,Sharma A.; Zanotti P.; Musunur L.P.,2020,Scopus + WoS,10.1109/access.2020.3007064,E1,No digital twin/model,,,
R0712,Automated construction site-how close is the future?,"Tulke, J; Eschenbruch, K; Rimskaia-Korsakova, O; Vega-Torres, MA",2025,WoS,10.37544/0005-6650-2025-11-27,E5,Not in English,,,
